Gmt time,Open,High,Low,Close,Volume
2023-04-21 16:00:00,1975.882,1983.001,1974.025,1982.674,15696
2023-04-21 20:00:00,1982.707,1983.615,1981.768,1982.924,2059
2023-04-23 20:00:00,1982.119,1985.381,1981.826,1984.657,3555
2023-04-24 00:00:00,1984.656,1984.656,1978.543,1980.825,16077
2023-04-24 04:00:00,1980.793,1983.161,1976.43,1982.699,17512
2023-04-24 08:00:00,1982.702,1986.919,1980.847,1983.077,15866
2023-04-24 12:00:00,1983.073,1987.248,1974.066,1984.805,29346
2023-04-24 16:00:00,1984.802,1990.856,1984.647,1988.748,15327
2023-04-24 20:00:00,1988.717,1996.533,1988.303,1995.053,5977
2023-04-25 00:00:00,1995.052,2000.87,1992.839,1992.841,17763
2023-04-25 04:00:00,1992.847,1997.237,1987.416,1990.235,18277
2023-04-25 08:00:00,1990.248,1991.067,1976.726,1977.582,21722
2023-04-25 12:00:00,1977.614,1994.55,1976.105,1989.967,36251
2023-04-25 16:00:00,1990.003,2003.868,1988.275,1999.182,24855
2023-04-25 20:00:00,1999.148,2001.693,1995.848,2000.21,6848
2023-04-26 00:00:00,2000.215,2002.453,1993.154,1994.063,20848
2023-04-26 04:00:00,1994.095,1999.3,1994.095,1997.925,15835
2023-04-26 08:00:00,1997.935,2001.744,1991.312,1995.784,19333
2023-04-26 12:00:00,1995.754,2009.36,1991.453,1991.483,41120
2023-04-26 16:00:00,1991.506,1992.465,1983.385,1988.017,23877
2023-04-26 20:00:00,1987.985,1991.948,1987.215,1991.685,6298
2023-04-27 00:00:00,1991.654,2000.749,1989.55,1999.828,16185
2023-04-27 04:00:00,1999.859,2003.216,1997.306,1999.412,17211
2023-04-27 08:00:00,1999.443,2001.213,1995.937,1996.882,15429
2023-04-27 12:00:00,1996.914,2003.4,1974.053,1982.261,50246
2023-04-27 16:00:00,1982.291,1991.054,1981.187,1988.134,16423
2023-04-27 20:00:00,1988.164,1988.609,1986.336,1986.951,5715
2023-04-28 00:00:00,1986.916,1991.471,1984.901,1988.932,17994
2023-04-28 04:00:00,1988.914,1990.41,1981.599,1982.353,23309
2023-04-28 08:00:00,1982.449,1984.832,1979.702,1983.303,16767
2023-04-28 12:00:00,1983.317,1995.032,1976.178,1991.731,43811
2023-04-28 16:00:00,1991.763,1994.068,1987.474,1989.244,16956
2023-04-28 20:00:00,1989.278,1989.871,1987.948,1989.414,2296
2023-04-30 20:00:00,1989.639,1991.914,1986.657,1986.933,4632
2023-05-01 00:00:00,1986.965,1987.425,1980.526,1983.34,12946
2023-05-01 04:00:00,1983.374,1986.303,1978.996,1980.932,14652
2023-05-01 08:00:00,1980.905,1989.973,1977.092,1988.983,15433
2023-05-01 12:00:00,1988.985,2005.971,1980.512,1982.955,49994
2023-05-01 16:00:00,1982.922,1984.056,1979.362,1979.757,18025
2023-05-01 20:00:00,1979.788,1983.296,1979.638,1981.411,5610
2023-05-02 00:00:00,1981.423,1985.228,1981.343,1982.146,12887
2023-05-02 04:00:00,1982.11,1985.727,1980.427,1981.368,15134
2023-05-02 08:00:00,1981.38,1990.187,1978.493,1986.385,16768
2023-05-02 12:00:00,1986.352,2015.503,1984.453,2014.397,48184
2023-05-02 16:00:00,2014.428,2019.385,2011.197,2018.236,24134
2023-05-02 20:00:00,2018.269,2018.269,2015.526,2015.943,5018
2023-05-03 00:00:00,2015.954,2018.757,2014.203,2018.464,9668
2023-05-03 04:00:00,2018.463,2019.472,2012.647,2014.858,12860
2023-05-03 08:00:00,2014.838,2017.444,2014.311,2015.854,14514
2023-05-03 12:00:00,2015.887,2026.795,2007.749,2023.561,35031
2023-05-03 16:00:00,2023.529,2036.033,2016.979,2035.222,51084
2023-05-03 20:00:00,2035.189,2080.004,2029.081,2051.994,29760
2023-05-04 00:00:00,2051.996,2057.134,2038.297,2040.943,23648
2023-05-04 04:00:00,2040.91,2045.473,2030.364,2034.607,21775
2023-05-04 08:00:00,2034.544,2044.866,2031.161,2042.022,19830
2023-05-04 12:00:00,2041.991,2059.575,2032.075,2050.976,65463
2023-05-04 16:00:00,2051.009,2054.094,2044.474,2049.593,28828
2023-05-04 20:00:00,2049.623,2050.922,2047.518,2049.96,6461
2023-05-05 00:00:00,2049.961,2052.994,2045.473,2049.786,14524
2023-05-05 04:00:00,2049.82,2051.136,2039.345,2040.544,16305
2023-05-05 08:00:00,2040.547,2041.701,2034.744,2035.479,16151
2023-05-05 12:00:00,2035.473,2038.313,1999.489,2015.189,58140
2023-05-05 16:00:00,2015.22,2018.823,2013.036,2017.804,19813
2023-05-05 20:00:00,2017.835,2018.939,2015.76,2016.687,2165
2023-05-07 20:00:00,2016.465,2017.319,2014.212,2016.044,4614
2023-05-08 00:00:00,2016.013,2023.976,2015.187,2023.227,14730
2023-05-08 04:00:00,2023.243,2024.708,2020.121,2021.474,13850
2023-05-08 08:00:00,2021.439,2025.433,2019.975,2022.265,13680
2023-05-08 12:00:00,2022.289,2029.272,2017.872,2027.135,27516
2023-05-08 16:00:00,2027.103,2029.357,2020.228,2020.308,16197
2023-05-08 20:00:00,2020.339,2022.432,2020.174,2021.275,5227
2023-05-09 00:00:00,2021.303,2024.958,2019.52,2024.915,12622
2023-05-09 04:00:00,2024.932,2028.735,2021.612,2024.663,15302
2023-05-09 08:00:00,2024.633,2032.806,2021.415,2031.046,16213
2023-05-09 12:00:00,2031.037,2032.083,2022.917,2026.914,25729
2023-05-09 16:00:00,2026.95,2037.599,2026.872,2034.277,18482
2023-05-09 20:00:00,2034.316,2037.156,2034.121,2036.308,4885
2023-05-10 00:00:00,2036.348,2038.22,2030.478,2031.713,12227
2023-05-10 04:00:00,2031.68,2032.975,2027.452,2031.699,13403
2023-05-10 08:00:00,2031.694,2032.079,2026.277,2029.283,14378
2023-05-10 12:00:00,2029.315,2048.183,2021.431,2025.02,53580
2023-05-10 16:00:00,2024.988,2034.164,2024.527,2030.93,19097
2023-05-10 20:00:00,2030.963,2032.11,2029.139,2031.474,4355
2023-05-11 00:00:00,2031.448,2036.385,2031.169,2032.404,13766
2023-05-11 04:00:00,2032.401,2033.146,2021.797,2025.6,16716
2023-05-11 08:00:00,2025.552,2039.115,2021.643,2036.774,22005
2023-05-11 12:00:00,2036.805,2040.968,2011.141,2013.588,55499
2023-05-11 16:00:00,2013.555,2018.303,2012.879,2014.186,18431
2023-05-11 20:00:00,2014.22,2016.634,2013.765,2016.383,5245
2023-05-12 00:00:00,2016.405,2017.523,2008.562,2011.634,16409
2023-05-12 04:00:00,2011.603,2012.608,2005.655,2008.773,16860
2023-05-12 08:00:00,2008.761,2009.727,2000.933,2004.759,18151
2023-05-12 12:00:00,2004.756,2022.536,2003.576,2009.42,37532
2023-05-12 16:00:00,2009.387,2016.393,2008.347,2010.908,17197
2023-05-12 20:00:00,2010.939,2011.492,2010.397,2010.949,1618
2023-05-14 20:00:00,2008.702,2011.994,2008.702,2009.596,3383
2023-05-15 00:00:00,2009.589,2018.829,2008.675,2014.024,14943
2023-05-15 04:00:00,2014.021,2020.024,2013.261,2018.409,15252
2023-05-15 08:00:00,2018.376,2020.877,2011.923,2013.072,14075
2023-05-15 12:00:00,2013.071,2022.12,2011.492,2017.716,26025
2023-05-15 16:00:00,2017.733,2021.396,2014.39,2014.991,13407
2023-05-15 20:00:00,2014.987,2016.634,2013.802,2014.437,3850
2023-05-16 00:00:00,2014.448,2018.317,2014.163,2016.936,11495
2023-05-16 04:00:00,2016.935,2017.72,2002.516,2010.079,17649
2023-05-16 08:00:00,2010.048,2010.307,2005.148,2005.504,13754
2023-05-16 12:00:00,2005.509,2014.894,1994.506,1995.983,38797
2023-05-16 16:00:00,1995.991,1997.046,1985.489,1989.91,21205
2023-05-16 20:00:00,1989.944,1991.18,1988.092,1989.667,5184
2023-05-17 00:00:00,1989.67,1993.015,1989.67,1991.34,13385
2023-05-17 04:00:00,1991.342,1992.087,1986.614,1987.656,14344
2023-05-17 08:00:00,1987.625,1989.101,1983.712,1987.417,15716
2023-05-17 12:00:00,1987.428,1987.994,1974.846,1980.428,33252
2023-05-17 16:00:00,1980.396,1984.549,1980.131,1983.023,16288
2023-05-17 20:00:00,1982.992,1983.589,1980.946,1982.754,3759
2023-05-18 00:00:00,1982.768,1986.01,1981.37,1982.311,12169
2023-05-18 04:00:00,1982.305,1982.756,1973.468,1974.544,15508
2023-05-18 08:00:00,1974.577,1978.894,1972.183,1974.123,16272
2023-05-18 12:00:00,1974.126,1975.542,1951.974,1956.025,37856
2023-05-18 16:00:00,1956.041,1958.93,1953.975,1957.305,16620
2023-05-18 20:00:00,1957.315,1959.189,1956.912,1958.393,4042
2023-05-19 00:00:00,1958.402,1963.648,1954.041,1963.311,15176
2023-05-19 04:00:00,1963.28,1968.75,1960.655,1966.903,16125
2023-05-19 08:00:00,1966.898,1968.237,1962.323,1963.734,16225
2023-05-19 12:00:00,1963.702,1984.224,1957.174,1974.875,43065
2023-05-19 16:00:00,1974.843,1983.266,1973.131,1976.149,20495
2023-05-19 20:00:00,1976.179,1977.814,1975.477,1977.741,1979
2023-05-21 20:00:00,1978.043,1981.518,1978.043,1980.866,3723
2023-05-22 00:00:00,1980.865,1982.358,1976.321,1977.88,15425
2023-05-22 04:00:00,1977.91,1978.782,1971.248,1976.838,15642
2023-05-22 08:00:00,1976.821,1982.567,1969.812,1972.973,16111
2023-05-22 12:00:00,1972.946,1978.616,1968.877,1972.455,30740
2023-05-22 16:00:00,1972.487,1978.908,1971.652,1972.132,15746
2023-05-22 20:00:00,1972.102,1972.633,1969.624,1969.821,4707
2023-05-23 00:00:00,1969.852,1971.774,1960.28,1962.778,16719
2023-05-23 04:00:00,1962.746,1964.586,1955.48,1957.177,17174
2023-05-23 08:00:00,1957.21,1961.294,1954.269,1958.873,17693
2023-05-23 12:00:00,1958.875,1973.567,1957.737,1967.352,37833
2023-05-23 16:00:00,1967.35,1977.776,1966.277,1974.854,20080
2023-05-23 20:00:00,1974.89,1977.326,1974.255,1975.059,4680
2023-05-24 00:00:00,1975.08,1977.003,1972.772,1976.492,13968
2023-05-24 04:00:00,1976.491,1980.6,1970.702,1974.052,17364
2023-05-24 08:00:00,1974.082,1982.021,1973.558,1981.894,16951
2023-05-24 12:00:00,1981.892,1985.198,1960.327,1963.026,32740
2023-05-24 16:00:00,1963.064,1965.273,1956.721,1959.009,23036
2023-05-24 20:00:00,1958.997,1961.877,1957.128,1959.789,7439
2023-05-25 00:00:00,1959.786,1960.138,1955.0,1957.244,16445
2023-05-25 04:00:00,1957.251,1961.368,1954.923,1959.45,15533
2023-05-25 08:00:00,1959.459,1964.749,1959.247,1961.964,15700
2023-05-25 12:00:00,1961.996,1963.099,1939.267,1945.431,48147
2023-05-25 16:00:00,1945.464,1946.945,1938.851,1940.19,17597
2023-05-25 20:00:00,1940.155,1943.195,1939.415,1940.553,6033
2023-05-26 00:00:00,1940.53,1948.817,1936.651,1948.461,15953
2023-05-26 04:00:00,1948.445,1957.257,1947.003,1956.24,17227
2023-05-26 08:00:00,1956.209,1956.752,1951.029,1951.483,14488
2023-05-26 12:00:00,1951.473,1953.885,1938.779,1943.495,37113
2023-05-26 16:00:00,1943.465,1947.603,1942.828,1947.44,15519
2023-05-26 20:00:00,1947.471,1947.539,1946.234,1946.871,1576
2023-05-28 20:00:00,1943.302,1946.286,1943.265,1943.691,4454
2023-05-29 00:00:00,1943.724,1946.203,1940.308,1945.58,12607
2023-05-29 04:00:00,1945.584,1948.911,1943.778,1944.214,11198
2023-05-29 08:00:00,1944.23,1946.613,1940.818,1946.309,10859
2023-05-29 12:00:00,1946.341,1949.755,1944.815,1945.959,13485
2023-05-29 16:00:00,1945.92,1945.92,1942.809,1943.665,2271
2023-05-29 20:00:00,1943.501,1944.355,1941.384,1941.721,4372
2023-05-30 00:00:00,1941.535,1946.64,1939.3,1939.483,15451
2023-05-30 04:00:00,1939.461,1942.336,1932.08,1942.336,20150
2023-05-30 08:00:00,1942.376,1960.787,1941.715,1960.231,21384
2023-05-30 12:00:00,1960.208,1962.291,1950.633,1962.109,30053
2023-05-30 16:00:00,1962.139,1963.517,1957.741,1960.167,13502
2023-05-30 20:00:00,1960.136,1960.136,1958.027,1958.572,4184
2023-05-31 00:00:00,1958.582,1960.49,1953.662,1958.089,14888
2023-05-31 04:00:00,1958.088,1965.261,1955.773,1956.104,18877
2023-05-31 08:00:00,1956.13,1960.809,1954.881,1960.361,16956
2023-05-31 12:00:00,1960.358,1974.751,1959.969,1968.619,36060
2023-05-31 16:00:00,1968.588,1969.217,1962.691,1963.099,17630
2023-05-31 20:00:00,1963.131,1966.998,1962.416,1966.282,5670
2023-06-01 00:00:00,1966.313,1967.484,1962.033,1964.215,15540
2023-06-01 04:00:00,1964.232,1965.845,1955.155,1955.56,15396
2023-06-01 08:00:00,1955.572,1968.406,1953.375,1967.898,16293
2023-06-01 12:00:00,1967.865,1983.086,1958.701,1982.091,39921
2023-06-01 16:00:00,1982.123,1982.661,1975.672,1978.106,15197
2023-06-01 20:00:00,1978.139,1978.354,1975.924,1977.068,3690
2023-06-02 00:00:00,1977.07,1983.37,1974.053,1982.51,14430
2023-06-02 04:00:00,1982.508,1982.877,1975.822,1975.988,15453
2023-06-02 08:00:00,1975.97,1981.144,1974.993,1978.809,14068
2023-06-02 12:00:00,1978.84,1980.211,1961.025,1962.08,40670
2023-06-02 16:00:00,1962.05,1962.215,1948.103,1948.658,17076
2023-06-02 20:00:00,1948.621,1948.972,1947.618,1948.066,1668
2023-06-04 20:00:00,1947.404,1950.133,1947.335,1949.368,4212
2023-06-05 00:00:00,1949.381,1949.504,1943.899,1947.124,15454
2023-06-05 04:00:00,1947.122,1947.375,1938.514,1939.93,15039
2023-06-05 08:00:00,1939.879,1945.907,1938.378,1942.259,15518
2023-06-05 12:00:00,1942.29,1961.947,1938.085,1958.146,31289
2023-06-05 16:00:00,1958.181,1964.041,1957.103,1961.066,14170
2023-06-05 20:00:00,1961.103,1963.156,1960.666,1961.261,5108
2023-06-06 00:00:00,1961.268,1964.471,1959.044,1959.237,13064
2023-06-06 04:00:00,1959.234,1962.751,1956.883,1957.529,16780
2023-06-06 08:00:00,1957.55,1964.933,1957.279,1962.765,16142
2023-06-06 12:00:00,1962.77,1966.414,1954.383,1963.466,26683
2023-06-06 16:00:00,1963.47,1966.325,1961.056,1962.909,12442
2023-06-06 20:00:00,1962.878,1964.542,1962.488,1963.383,4061
2023-06-07 00:00:00,1963.353,1966.761,1962.942,1963.388,12542
2023-06-07 04:00:00,1963.386,1965.026,1954.828,1956.145,13448
2023-06-07 08:00:00,1956.126,1966.416,1955.739,1961.292,15169
2023-06-07 12:00:00,1961.261,1970.16,1946.442,1947.155,31843
2023-06-07 16:00:00,1947.185,1947.69,1940.035,1940.115,18782
2023-06-07 20:00:00,1940.082,1945.315,1939.876,1944.474,5848
2023-06-08 00:00:00,1944.47,1947.074,1944.278,1946.302,12502
2023-06-08 04:00:00,1946.328,1948.307,1942.802,1947.305,13919
2023-06-08 08:00:00,1947.275,1949.091,1944.939,1946.619,14113
2023-06-08 12:00:00,1946.656,1970.545,1946.237,1966.826,34735
2023-06-08 16:00:00,1966.857,1969.225,1961.75,1965.017,15643
2023-06-08 20:00:00,1964.98,1966.392,1964.875,1965.35,3539
2023-06-09 00:00:00,1965.32,1965.739,1963.214,1963.815,12037
2023-06-09 04:00:00,1963.814,1966.069,1962.396,1963.173,12994
2023-06-09 08:00:00,1963.142,1966.914,1960.691,1966.481,14652
2023-06-09 12:00:00,1966.476,1972.906,1956.617,1962.19,30712
2023-06-09 16:00:00,1962.157,1962.817,1959.637,1960.172,13318
2023-06-09 20:00:00,1960.204,1961.135,1960.076,1960.678,1171
2023-06-11 20:00:00,1959.63,1960.535,1958.051,1959.97,3142
2023-06-12 00:00:00,1959.979,1960.464,1954.264,1958.477,12479
2023-06-12 04:00:00,1958.453,1962.107,1956.58,1960.628,13212
2023-06-12 08:00:00,1960.595,1966.964,1960.224,1963.957,14548
2023-06-12 12:00:00,1963.959,1965.935,1949.205,1955.431,28254
2023-06-12 16:00:00,1955.398,1958.744,1953.11,1957.98,13480
2023-06-12 20:00:00,1958.012,1960.588,1956.781,1959.978,3990
2023-06-13 00:00:00,1959.991,1962.103,1955.937,1962.034,11959
2023-06-13 04:00:00,1962.043,1965.381,1958.27,1962.27,14186
2023-06-13 08:00:00,1962.239,1966.215,1961.485,1963.787,12611
2023-06-13 12:00:00,1963.773,1970.832,1941.959,1943.134,43864
2023-06-13 16:00:00,1943.123,1947.087,1940.012,1943.52,15991
2023-06-13 20:00:00,1943.484,1945.089,1942.127,1943.922,4485
2023-06-14 00:00:00,1943.928,1949.39,1942.771,1949.287,11656
2023-06-14 04:00:00,1949.312,1951.533,1945.242,1949.623,12511
2023-06-14 08:00:00,1949.601,1952.882,1945.812,1946.985,13111
2023-06-14 12:00:00,1946.989,1960.17,1946.487,1955.946,23803
2023-06-14 16:00:00,1955.977,1957.431,1939.967,1944.939,40993
2023-06-14 20:00:00,1944.973,1946.132,1939.71,1945.225,6649
2023-06-15 00:00:00,1945.184,1945.265,1932.29,1934.848,17442
2023-06-15 04:00:00,1934.876,1939.689,1928.905,1933.554,19787
2023-06-15 08:00:00,1933.531,1936.745,1927.868,1928.517,15963
2023-06-15 12:00:00,1928.486,1959.766,1924.913,1956.547,38849
2023-06-15 16:00:00,1956.578,1960.232,1956.578,1958.709,14520
2023-06-15 20:00:00,1958.676,1959.238,1957.253,1958.261,3469
2023-06-16 00:00:00,1958.24,1962.057,1955.207,1956.651,13706
2023-06-16 04:00:00,1956.654,1963.293,1954.666,1961.6,14687
2023-06-16 08:00:00,1961.631,1966.535,1960.004,1965.621,15339
2023-06-16 12:00:00,1965.651,1967.885,1953.25,1956.267,32760
2023-06-16 16:00:00,1956.234,1959.704,1953.946,1955.429,13795
2023-06-16 20:00:00,1955.396,1958.249,1955.359,1957.478,1524
2023-06-18 20:00:00,1958.538,1958.598,1956.272,1957.083,3501
2023-06-19 00:00:00,1957.112,1958.7,1954.014,1955.696,12231
2023-06-19 04:00:00,1955.665,1957.498,1952.724,1955.1,12770
2023-06-19 08:00:00,1955.069,1958.749,1948.325,1948.482,14454
2023-06-19 12:00:00,1948.515,1953.459,1947.771,1950.678,15259
2023-06-19 16:00:00,1950.681,1951.895,1949.76,1949.996,2919
2023-06-19 20:00:00,1950.757,1954.208,1950.697,1952.235,3555
2023-06-20 00:00:00,1952.453,1952.987,1945.005,1950.211,14833
2023-06-20 04:00:00,1950.213,1956.764,1946.919,1954.937,15493
2023-06-20 08:00:00,1954.897,1955.569,1949.936,1951.327,15329
2023-06-20 12:00:00,1951.358,1954.541,1929.771,1935.112,33052
2023-06-20 16:00:00,1935.145,1938.717,1934.175,1936.143,15058
2023-06-20 20:00:00,1936.106,1938.839,1935.457,1937.263,5789
2023-06-21 00:00:00,1937.295,1939.482,1935.429,1937.047,13310
2023-06-21 04:00:00,1937.064,1937.375,1931.214,1934.975,15749
2023-06-21 08:00:00,1934.977,1935.903,1932.121,1934.566,15503
2023-06-21 12:00:00,1934.535,1935.321,1919.01,1932.254,39769
2023-06-21 16:00:00,1932.222,1937.586,1930.393,1933.444,16538
2023-06-21 20:00:00,1933.482,1934.899,1931.967,1933.876,5713
2023-06-22 00:00:00,1933.907,1934.235,1931.571,1932.587,9473
2023-06-22 04:00:00,1932.561,1933.061,1927.063,1929.966,15097
2023-06-22 08:00:00,1929.935,1931.419,1924.917,1927.358,16294
2023-06-22 12:00:00,1927.343,1930.985,1912.794,1913.45,33331
2023-06-22 16:00:00,1913.415,1917.734,1913.037,1913.883,15852
2023-06-22 20:00:00,1913.848,1914.961,1912.393,1914.477,5108
2023-06-23 00:00:00,1914.507,1916.069,1910.129,1912.394,12471
2023-06-23 04:00:00,1912.386,1918.93,1912.108,1918.033,17338
2023-06-23 08:00:00,1918.083,1920.627,1916.604,1919.161,15267
2023-06-23 12:00:00,1919.167,1937.287,1918.851,1921.034,34638
2023-06-23 16:00:00,1921.043,1922.34,1917.903,1919.072,14262
2023-06-23 20:00:00,1919.039,1921.72,1918.975,1921.229,1734
2023-06-25 20:00:00,1922.989,1925.44,1922.719,1925.332,4403
2023-06-26 00:00:00,1925.331,1928.508,1924.134,1925.499,15162
2023-06-26 04:00:00,1925.5,1929.111,1922.163,1928.906,14433
2023-06-26 08:00:00,1928.907,1933.317,1928.894,1931.382,14890
2023-06-26 12:00:00,1931.384,1933.089,1921.494,1925.713,23909
2023-06-26 16:00:00,1925.683,1926.539,1922.382,1922.856,13384
2023-06-26 20:00:00,1922.818,1924.694,1920.94,1922.522,4464
2023-06-27 00:00:00,1922.538,1930.282,1921.697,1928.452,12992
2023-06-27 04:00:00,1928.446,1929.684,1924.193,1928.189,12922
2023-06-27 08:00:00,1928.189,1928.627,1919.57,1923.128,13920
2023-06-27 12:00:00,1923.105,1930.676,1911.498,1913.498,30684
2023-06-27 16:00:00,1913.481,1916.534,1910.837,1913.723,14825
2023-06-27 20:00:00,1913.753,1915.816,1912.953,1915.427,4361
2023-06-28 00:00:00,1915.457,1917.212,1913.483,1915.214,12656
2023-06-28 04:00:00,1915.215,1916.779,1909.054,1910.929,13538
2023-06-28 08:00:00,1910.928,1911.938,1905.646,1907.157,15340
2023-06-28 12:00:00,1907.158,1913.301,1902.815,1910.861,28911
2023-06-28 16:00:00,1910.829,1913.372,1909.198,1909.246,13848
2023-06-28 20:00:00,1909.287,1910.743,1906.812,1909.719,5497
2023-06-29 00:00:00,1909.749,1912.816,1902.819,1905.455,14019
2023-06-29 04:00:00,1905.425,1907.383,1902.548,1905.698,14597
2023-06-29 08:00:00,1905.73,1911.006,1903.923,1910.04,14131
2023-06-29 12:00:00,1910.044,1913.084,1892.984,1908.977,35854
2023-06-29 16:00:00,1908.954,1910.767,1906.246,1907.64,14111
2023-06-29 20:00:00,1907.608,1908.972,1907.117,1908.698,4707
2023-06-30 00:00:00,1908.729,1909.724,1907.117,1908.289,12083
2023-06-30 04:00:00,1908.291,1909.9,1903.768,1905.283,13460
2023-06-30 08:00:00,1905.256,1906.642,1900.539,1905.277,14497
2023-06-30 12:00:00,1905.309,1919.396,1904.63,1919.018,34993
2023-06-30 16:00:00,1919.032,1922.731,1917.463,1920.081,14945
2023-06-30 20:00:00,1920.048,1920.138,1918.136,1919.371,1888
2023-07-02 20:00:00,1918.589,1919.622,1917.502,1918.207,3355
2023-07-03 00:00:00,1918.201,1919.043,1914.641,1918.344,12720
2023-07-03 04:00:00,1918.376,1920.619,1912.106,1912.169,14477
2023-07-03 08:00:00,1912.193,1914.356,1910.041,1912.54,13259
2023-07-03 12:00:00,1912.546,1930.766,1911.627,1926.567,26764
2023-07-03 16:00:00,1926.534,1926.686,1920.602,1921.347,9155
2023-07-03 20:00:00,1921.345,1921.689,1919.74,1921.219,2575
2023-07-04 00:00:00,1921.218,1923.489,1920.062,1922.949,10856
2023-07-04 04:00:00,1922.955,1928.437,1922.734,1928.016,12321
2023-07-04 08:00:00,1928.014,1930.683,1925.753,1928.511,12449
2023-07-04 12:00:00,1928.514,1930.305,1926.136,1927.03,12252
2023-07-04 16:00:00,1927.031,1927.172,1923.995,1925.031,3895
2023-07-04 20:00:00,1925.565,1929.33,1924.878,1926.213,3381
2023-07-05 00:00:00,1926.285,1927.095,1923.182,1924.396,10683
2023-07-05 04:00:00,1924.396,1927.751,1920.847,1927.452,12970
2023-07-05 08:00:00,1927.422,1929.594,1925.185,1927.508,13501
2023-07-05 12:00:00,1927.506,1934.88,1919.061,1923.21,28492
2023-07-05 16:00:00,1923.21,1924.771,1915.165,1915.836,16181
2023-07-05 20:00:00,1915.801,1917.906,1914.803,1916.809,5240
2023-07-06 00:00:00,1916.821,1919.733,1916.097,1918.146,12647
2023-07-06 04:00:00,1918.151,1921.483,1916.937,1918.947,13370
2023-07-06 08:00:00,1918.955,1927.313,1916.129,1926.622,14408
2023-07-06 12:00:00,1926.624,1927.586,1902.643,1911.487,44171
2023-07-06 16:00:00,1911.51,1912.383,1908.901,1910.229,13213
2023-07-06 20:00:00,1910.26,1912.226,1909.605,1911.554,4632
2023-07-07 00:00:00,1911.581,1912.428,1909.662,1911.132,11685
2023-07-07 04:00:00,1911.128,1916.458,1910.249,1914.575,13369
2023-07-07 08:00:00,1914.605,1918.34,1913.329,1917.521,13416
2023-07-07 12:00:00,1917.552,1934.883,1914.289,1927.607,39036
2023-07-07 16:00:00,1927.577,1929.335,1924.634,1924.68,14070
2023-07-07 20:00:00,1924.715,1925.448,1924.254,1925.377,1725
2023-07-09 20:00:00,1925.326,1928.178,1923.88,1924.886,4499
2023-07-10 00:00:00,1924.895,1926.918,1922.563,1923.877,13751
2023-07-10 04:00:00,1923.875,1925.695,1919.355,1924.882,13241
2023-07-10 08:00:00,1924.88,1926.221,1922.679,1924.659,12647
2023-07-10 12:00:00,1924.689,1925.009,1912.457,1923.56,26386
2023-07-10 16:00:00,1923.551,1926.832,1922.687,1925.836,12768
2023-07-10 20:00:00,1925.803,1925.91,1924.399,1924.859,3992
2023-07-11 00:00:00,1924.86,1928.928,1924.444,1926.654,13087
2023-07-11 04:00:00,1926.659,1938.097,1926.393,1932.259,16254
2023-07-11 08:00:00,1932.266,1938.442,1931.974,1936.304,14339
2023-07-11 12:00:00,1936.272,1936.479,1929.445,1931.085,22212
2023-07-11 16:00:00,1931.054,1932.814,1929.344,1932.511,11691
2023-07-11 20:00:00,1932.499,1933.798,1931.612,1933.278,4143
2023-07-12 00:00:00,1933.281,1940.967,1933.208,1938.531,13505
2023-07-12 04:00:00,1938.531,1940.215,1933.874,1934.679,13154
2023-07-12 08:00:00,1934.679,1936.423,1933.418,1934.662,12168
2023-07-12 12:00:00,1934.67,1958.312,1933.566,1955.699,36779
2023-07-12 16:00:00,1955.667,1959.656,1955.387,1958.724,13929
2023-07-12 20:00:00,1958.7,1958.723,1956.924,1957.75,4605
2023-07-13 00:00:00,1957.751,1961.65,1956.392,1960.306,13781
2023-07-13 04:00:00,1960.313,1963.339,1955.268,1961.782,15844
2023-07-13 08:00:00,1961.803,1962.727,1957.953,1959.906,13001
2023-07-13 12:00:00,1959.905,1963.418,1952.369,1954.981,30967
2023-07-13 16:00:00,1955.012,1960.802,1954.782,1960.024,13927
2023-07-13 20:00:00,1960.061,1961.855,1959.857,1960.172,5014
2023-07-14 00:00:00,1960.162,1963.709,1958.362,1962.582,13616
2023-07-14 04:00:00,1962.584,1962.584,1954.306,1956.887,14546
2023-07-14 08:00:00,1956.856,1960.04,1955.186,1959.263,13509
2023-07-14 12:00:00,1959.271,1962.748,1950.796,1958.112,31276
2023-07-14 16:00:00,1958.116,1961.021,1954.328,1954.328,13817
2023-07-14 20:00:00,1954.365,1955.678,1954.321,1955.262,1951
2023-07-16 20:00:00,1955.013,1955.013,1951.392,1953.319,4147
2023-07-17 00:00:00,1953.318,1955.947,1950.956,1952.093,12522
2023-07-17 04:00:00,1952.093,1956.837,1950.577,1952.291,13437
2023-07-17 08:00:00,1952.262,1959.838,1951.94,1957.614,14602
2023-07-17 12:00:00,1957.646,1959.415,1945.791,1954.622,25438
2023-07-17 16:00:00,1954.654,1956.348,1952.474,1955.372,11372
2023-07-17 20:00:00,1955.337,1956.291,1954.383,1955.435,3839
2023-07-18 00:00:00,1955.433,1960.613,1954.715,1959.802,13313
2023-07-18 04:00:00,1959.799,1964.056,1957.807,1961.516,14141
2023-07-18 08:00:00,1961.519,1972.055,1960.555,1963.027,15715
2023-07-18 12:00:00,1963.057,1984.326,1960.746,1978.121,39964
2023-07-18 16:00:00,1978.126,1981.476,1975.002,1977.756,14171
2023-07-18 20:00:00,1977.734,1979.164,1976.771,1977.518,4968
2023-07-19 00:00:00,1977.501,1978.496,1974.447,1975.482,12752
2023-07-19 04:00:00,1975.513,1980.897,1973.009,1977.966,15009
2023-07-19 08:00:00,1977.95,1979.102,1971.556,1973.741,13813
2023-07-19 12:00:00,1973.761,1979.859,1969.78,1973.843,24390
2023-07-19 16:00:00,1973.84,1978.898,1972.086,1978.476,12793
2023-07-19 20:00:00,1978.472,1978.915,1975.438,1977.72,4855
2023-07-20 00:00:00,1977.698,1987.458,1977.336,1985.211,14953
2023-07-20 04:00:00,1985.213,1985.486,1977.848,1979.192,14649
2023-07-20 08:00:00,1979.172,1983.846,1978.179,1981.445,13747
2023-07-20 12:00:00,1981.446,1981.582,1965.67,1968.647,28958
2023-07-20 16:00:00,1968.642,1971.46,1965.358,1968.749,13933
2023-07-20 20:00:00,1968.719,1972.857,1968.472,1972.234,4319
2023-07-21 00:00:00,1972.264,1973.773,1969.887,1970.272,13071
2023-07-21 04:00:00,1970.247,1972.179,1964.193,1964.283,13888
2023-07-21 08:00:00,1964.296,1966.783,1961.093,1965.777,16659
2023-07-21 12:00:00,1965.752,1968.107,1956.718,1960.294,25162
2023-07-21 16:00:00,1960.259,1964.843,1960.192,1962.483,11936
2023-07-21 20:00:00,1962.514,1962.664,1961.5,1961.888,1395
2023-07-23 20:00:00,1962.265,1962.92,1960.388,1961.214,2977
2023-07-24 00:00:00,1961.21,1962.661,1959.108,1960.181,12933
2023-07-24 04:00:00,1960.149,1965.669,1957.877,1963.273,13886
2023-07-24 08:00:00,1963.256,1967.843,1959.374,1964.994,14928
2023-07-24 12:00:00,1965.025,1967.644,1957.136,1959.659,25750
2023-07-24 16:00:00,1959.676,1961.444,1953.463,1954.338,13836
2023-07-24 20:00:00,1954.374,1955.45,1953.212,1954.43,4592
2023-07-25 00:00:00,1954.431,1963.535,1953.892,1961.59,13642
2023-07-25 04:00:00,1961.59,1964.135,1959.642,1961.206,13561
2023-07-25 08:00:00,1961.173,1963.661,1953.168,1960.774,14847
2023-07-25 12:00:00,1960.758,1965.398,1952.043,1964.284,23795
2023-07-25 16:00:00,1964.262,1965.657,1961.304,1964.468,11841
2023-07-25 20:00:00,1964.436,1966.267,1964.136,1965.321,5219
2023-07-26 00:00:00,1965.321,1966.063,1962.037,1963.917,11944
2023-07-26 04:00:00,1963.927,1971.116,1962.424,1970.629,12804
2023-07-26 08:00:00,1970.651,1974.187,1969.628,1971.949,12841
2023-07-26 12:00:00,1972.076,1975.035,1963.794,1972.385,22822
2023-07-26 16:00:00,1972.412,1978.281,1965.644,1974.845,27608
2023-07-26 20:00:00,1974.814,1974.814,1970.98,1972.046,6432
2023-07-27 00:00:00,1972.05,1982.171,1971.155,1977.917,12850
2023-07-27 04:00:00,1977.943,1982.119,1973.916,1979.93,14559
2023-07-27 08:00:00,1979.96,1981.09,1973.594,1979.027,14584
2023-07-27 12:00:00,1979.04,1979.104,1942.68,1946.917,38624
2023-07-27 16:00:00,1946.886,1949.67,1942.206,1944.178,19834
2023-07-27 20:00:00,1944.144,1948.096,1943.41,1947.48,6740
2023-07-28 00:00:00,1947.449,1954.832,1946.092,1954.11,24293
2023-07-28 04:00:00,1954.141,1956.65,1948.257,1949.64,24490
2023-07-28 08:00:00,1949.704,1957.998,1947.857,1956.616,15974
2023-07-28 12:00:00,1956.582,1963.393,1952.281,1960.947,28855
2023-07-28 16:00:00,1960.929,1963.497,1957.517,1959.119,11865
2023-07-28 20:00:00,1959.086,1959.584,1958.641,1959.221,1449
2023-07-30 20:00:00,1959.912,1960.507,1957.411,1958.107,3974
2023-07-31 00:00:00,1958.092,1958.865,1953.735,1954.588,14293
2023-07-31 04:00:00,1954.577,1957.098,1953.094,1954.883,13943
2023-07-31 08:00:00,1954.853,1961.079,1950.774,1959.067,14065
2023-07-31 12:00:00,1959.098,1972.364,1957.514,1970.674,23272
2023-07-31 16:00:00,1970.684,1972.239,1964.246,1964.52,11627
2023-07-31 20:00:00,1964.552,1965.982,1963.883,1963.944,5157
2023-08-01 00:00:00,1963.913,1964.665,1959.01,1962.177,12000
2023-08-01 04:00:00,1962.167,1962.314,1954.486,1955.475,13793
2023-08-01 08:00:00,1955.441,1957.695,1953.105,1953.583,14147
2023-08-01 12:00:00,1953.6,1956.004,1941.342,1944.236,31136
2023-08-01 16:00:00,1944.206,1945.539,1941.247,1944.407,11034
2023-08-01 20:00:00,1944.44,1952.895,1944.078,1952.183,9554
2023-08-02 00:00:00,1952.178,1952.418,1946.713,1949.312,13868
2023-08-02 04:00:00,1949.306,1950.389,1945.308,1948.409,14208
2023-08-02 08:00:00,1948.451,1954.789,1948.297,1950.658,14608
2023-08-02 12:00:00,1950.694,1951.858,1932.953,1935.557,31618
2023-08-02 16:00:00,1935.526,1939.128,1935.016,1935.22,12101
2023-08-02 20:00:00,1935.188,1936.964,1934.425,1936.037,4294
2023-08-03 00:00:00,1936.063,1938.86,1933.861,1937.266,11128
2023-08-03 04:00:00,1937.287,1938.243,1930.772,1936.911,16024
2023-08-03 08:00:00,1936.919,1938.407,1932.842,1935.038,16195
2023-08-03 12:00:00,1935.038,1938.71,1929.534,1933.058,33068
2023-08-03 16:00:00,1933.059,1935.92,1932.527,1934.25,10924
2023-08-03 20:00:00,1934.245,1937.042,1933.963,1935.812,4828
2023-08-04 00:00:00,1935.785,1937.889,1934.345,1935.198,12315
2023-08-04 04:00:00,1935.198,1937.467,1932.132,1932.869,13032
2023-08-04 08:00:00,1932.893,1934.179,1931.256,1932.306,12359
2023-08-04 12:00:00,1932.308,1946.827,1925.401,1942.709,36807
2023-08-04 16:00:00,1942.677,1943.524,1939.816,1941.375,11940
2023-08-04 20:00:00,1941.344,1943.316,1941.175,1942.521,1965
2023-08-06 20:00:00,1942.596,1946.685,1942.453,1943.827,4334
2023-08-07 00:00:00,1943.822,1945.305,1938.231,1939.357,11268
2023-08-07 04:00:00,1939.336,1939.486,1935.339,1936.766,12777
2023-08-07 08:00:00,1936.752,1937.6,1933.397,1936.218,13036
2023-08-07 12:00:00,1936.21,1941.691,1931.499,1932.497,19888
2023-08-07 16:00:00,1932.502,1937.629,1932.112,1936.687,10627
2023-08-07 20:00:00,1936.656,1938.069,1935.599,1936.77,4564
2023-08-08 00:00:00,1936.8,1937.343,1931.124,1933.142,12357
2023-08-08 04:00:00,1933.112,1934.851,1930.229,1930.43,12972
2023-08-08 08:00:00,1930.464,1935.638,1928.124,1928.953,15260
2023-08-08 12:00:00,1928.963,1932.034,1922.746,1925.811,25383
2023-08-08 16:00:00,1925.815,1928.438,1923.599,1924.833,11609
2023-08-08 20:00:00,1924.801,1925.736,1924.528,1925.607,3418
2023-08-09 00:00:00,1925.612,1930.854,1924.243,1930.148,11509
2023-08-09 04:00:00,1930.141,1932.242,1928.61,1930.58,11828
2023-08-09 08:00:00,1930.553,1930.807,1923.184,1924.526,12395
2023-08-09 12:00:00,1924.496,1927.562,1915.631,1916.69,23093
2023-08-09 16:00:00,1916.721,1918.157,1915.45,1915.531,11450
2023-08-09 20:00:00,1915.5,1916.93,1914.064,1916.726,4361
2023-08-10 00:00:00,1916.726,1919.167,1915.401,1918.675,11158
2023-08-10 04:00:00,1918.674,1920.614,1915.54,1919.353,12063
2023-08-10 08:00:00,1919.352,1922.666,1918.613,1921.855,12272
2023-08-10 12:00:00,1921.849,1930.061,1912.909,1919.999,35613
2023-08-10 16:00:00,1920.033,1921.697,1912.877,1913.326,14838
2023-08-10 20:00:00,1913.292,1913.663,1910.693,1912.395,4701
2023-08-11 00:00:00,1912.395,1915.983,1911.895,1914.618,10284
2023-08-11 04:00:00,1914.619,1918.002,1912.622,1917.888,11647
2023-08-11 08:00:00,1917.882,1919.807,1916.096,1918.992,11599
2023-08-11 12:00:00,1919.01,1920.92,1912.912,1914.016,26853
2023-08-11 16:00:00,1914.03,1915.481,1912.212,1913.586,10821
2023-08-11 20:00:00,1913.554,1914.031,1912.93,1913.823,1296
2023-08-13 20:00:00,1913.703,1915.218,1912.42,1913.658,3276
2023-08-14 00:00:00,1913.657,1913.757,1910.098,1912.734,12710
2023-08-14 04:00:00,1912.732,1915.951,1910.523,1914.446,12262
2023-08-14 08:00:00,1914.476,1916.194,1912.231,1913.964,12182
2023-08-14 12:00:00,1913.959,1914.016,1902.577,1910.65,24626
2023-08-14 16:00:00,1910.618,1913.193,1907.212,1907.601,11704
2023-08-14 20:00:00,1907.56,1908.077,1904.937,1907.595,4236
2023-08-15 00:00:00,1907.605,1908.044,1903.739,1907.162,12742
2023-08-15 04:00:00,1907.162,1907.493,1903.504,1904.959,12955
2023-08-15 08:00:00,1904.963,1905.157,1901.883,1904.203,14030
2023-08-15 12:00:00,1904.204,1911.6,1896.32,1906.857,31288
2023-08-15 16:00:00,1906.839,1907.415,1902.462,1902.702,13309
2023-08-15 20:00:00,1902.67,1903.577,1900.269,1901.457,4918
2023-08-16 00:00:00,1901.449,1905.198,1900.521,1904.108,11655
2023-08-16 04:00:00,1904.098,1906.546,1902.766,1904.547,11819
2023-08-16 08:00:00,1904.548,1907.183,1903.079,1903.093,11906
2023-08-16 12:00:00,1903.081,1906.421,1899.346,1901.922,21041
2023-08-16 16:00:00,1901.909,1902.567,1891.745,1892.221,15902
2023-08-16 20:00:00,1892.252,1894.961,1891.835,1893.333,6257
2023-08-17 00:00:00,1893.335,1893.944,1889.437,1892.758,12751
2023-08-17 04:00:00,1892.758,1897.537,1892.089,1896.423,11659
2023-08-17 08:00:00,1896.392,1899.475,1893.642,1898.86,13707
2023-08-17 12:00:00,1898.829,1903.45,1889.127,1889.465,25135
2023-08-17 16:00:00,1889.454,1891.203,1885.033,1889.077,13916
2023-08-17 20:00:00,1889.037,1891.559,1888.389,1891.264,4543
2023-08-18 00:00:00,1891.269,1895.048,1890.67,1892.712,12277
2023-08-18 04:00:00,1892.712,1894.096,1891.174,1892.585,12743
2023-08-18 08:00:00,1892.567,1895.536,1891.388,1893.758,11949
2023-08-18 12:00:00,1893.793,1896.684,1888.537,1891.244,21515
2023-08-18 16:00:00,1891.213,1891.935,1886.762,1889.285,11958
2023-08-18 20:00:00,1889.248,1889.973,1888.346,1889.566,1573
2023-08-20 20:00:00,1889.395,1890.861,1888.838,1889.956,3178
2023-08-21 00:00:00,1889.972,1893.556,1884.659,1891.68,13249
2023-08-21 04:00:00,1891.666,1894.053,1887.41,1888.142,13439
2023-08-21 08:00:00,1888.14,1893.147,1886.797,1893.067,13255
2023-08-21 12:00:00,1893.04,1898.725,1885.27,1889.184,24730
2023-08-21 16:00:00,1889.214,1895.374,1889.11,1894.305,11622
2023-08-21 20:00:00,1894.274,1896.027,1894.238,1894.702,3415
2023-08-22 00:00:00,1894.711,1897.294,1893.684,1896.053,12164
2023-08-22 04:00:00,1896.066,1901.771,1893.865,1901.482,12643
2023-08-22 08:00:00,1901.486,1904.448,1898.404,1902.15,13169
2023-08-22 12:00:00,1902.149,1903.406,1889.091,1897.845,23062
2023-08-22 16:00:00,1897.876,1898.913,1896.407,1897.609,10334
2023-08-22 20:00:00,1897.584,1898.607,1897.101,1898.516,2724
2023-08-23 00:00:00,1898.513,1902.852,1898.469,1901.561,11246
2023-08-23 04:00:00,1901.561,1904.702,1900.718,1903.624,13116
2023-08-23 08:00:00,1903.591,1905.366,1901.273,1903.296,13317
2023-08-23 12:00:00,1903.297,1918.914,1902.648,1918.306,27859
2023-08-23 16:00:00,1918.307,1920.329,1916.302,1916.868,12109
2023-08-23 20:00:00,1916.839,1918.042,1914.48,1917.886,4906
2023-08-24 00:00:00,1917.858,1921.638,1917.333,1920.905,11634
2023-08-24 04:00:00,1920.908,1922.828,1919.498,1919.544,13722
2023-08-24 08:00:00,1919.577,1921.978,1916.431,1916.605,12079
2023-08-24 12:00:00,1916.603,1923.222,1911.791,1921.045,22947
2023-08-24 16:00:00,1921.011,1921.445,1916.673,1916.776,11379
2023-08-24 20:00:00,1916.812,1917.518,1915.676,1915.884,3638
2023-08-25 00:00:00,1915.883,1917.553,1913.184,1913.455,10486
2023-08-25 04:00:00,1913.454,1916.014,1912.808,1914.187,11725
2023-08-25 08:00:00,1914.184,1918.412,1913.327,1918.313,10997
2023-08-25 12:00:00,1918.282,1922.283,1903.654,1907.785,32535
2023-08-25 16:00:00,1907.821,1914.732,1907.618,1914.348,13192
2023-08-25 20:00:00,1914.329,1914.954,1913.324,1914.358,1411
2023-08-27 20:00:00,1916.011,1916.106,1914.359,1915.065,3321
2023-08-28 00:00:00,1915.066,1917.39,1914.586,1916.259,10800
2023-08-28 04:00:00,1916.26,1917.757,1914.331,1914.502,10307
2023-08-28 08:00:00,1914.532,1915.679,1913.515,1914.795,9750
2023-08-28 12:00:00,1914.795,1926.028,1912.769,1924.77,18861
2023-08-28 16:00:00,1924.765,1925.232,1916.89,1919.696,11073
2023-08-28 20:00:00,1919.714,1921.613,1919.628,1921.224,2789
2023-08-29 00:00:00,1921.236,1925.8,1921.047,1925.398,9864
2023-08-29 04:00:00,1925.385,1925.584,1921.623,1923.221,10620
2023-08-29 08:00:00,1923.253,1924.445,1916.716,1917.222,12100
2023-08-29 12:00:00,1917.222,1937.617,1914.445,1936.764,26353
2023-08-29 16:00:00,1936.738,1938.158,1934.076,1938.056,12122
2023-08-29 20:00:00,1938.019,1938.019,1935.961,1936.205,3879
2023-08-30 00:00:00,1936.213,1937.504,1935.397,1936.776,9973
2023-08-30 04:00:00,1936.776,1937.114,1934.977,1936.495,10877
2023-08-30 08:00:00,1936.525,1939.644,1935.482,1939.102,11944
2023-08-30 12:00:00,1939.09,1949.043,1938.785,1944.949,26955
2023-08-30 16:00:00,1944.917,1945.602,1942.82,1943.422,10772
2023-08-30 20:00:00,1943.447,1945.462,1942.111,1944.223,5099
2023-08-31 00:00:00,1944.232,1947.698,1944.143,1945.174,9718
2023-08-31 04:00:00,1945.142,1946.291,1943.232,1945.073,10274
2023-08-31 08:00:00,1945.08,1945.907,1943.658,1945.671,11344
2023-08-31 12:00:00,1945.673,1947.795,1939.071,1940.63,24860
2023-08-31 16:00:00,1940.633,1942.485,1939.085,1940.057,10512
2023-08-31 20:00:00,1940.092,1940.546,1939.08,1939.862,3870
2023-09-01 00:00:00,1939.866,1943.949,1938.676,1938.944,10779
2023-09-01 04:00:00,1938.937,1943.495,1938.229,1943.11,10456
2023-09-01 08:00:00,1943.102,1945.859,1941.911,1944.479,10490
2023-09-01 12:00:00,1944.469,1952.876,1934.409,1938.816,34456
2023-09-01 16:00:00,1938.818,1941.567,1937.348,1940.529,10428
2023-09-01 20:00:00,1940.563,1940.705,1939.262,1939.741,1232
2023-09-03 20:00:00,1940.024,1941.038,1939.444,1940.596,2145
2023-09-04 00:00:00,1940.574,1946.078,1940.136,1944.969,10599
2023-09-04 04:00:00,1944.958,1946.27,1943.116,1943.818,10620
2023-09-04 08:00:00,1943.813,1944.455,1939.853,1941.626,9972
2023-09-04 12:00:00,1941.637,1941.718,1936.725,1938.636,11278
2023-09-04 16:00:00,1938.635,1938.86,1937.969,1938.156,1946
2023-09-04 20:00:00,1938.495,1938.779,1937.666,1937.696,2034
2023-09-05 00:00:00,1937.588,1938.656,1934.833,1936.963,10183
2023-09-05 04:00:00,1936.963,1938.965,1935.209,1935.578,11530
2023-09-05 08:00:00,1935.578,1935.661,1929.949,1930.465,12637
2023-09-05 12:00:00,1930.435,1934.651,1925.347,1926.108,25001
2023-09-05 16:00:00,1926.077,1927.915,1925.449,1925.818,10104
2023-09-05 20:00:00,1925.849,1926.92,1925.425,1926.596,3465
2023-09-06 00:00:00,1926.606,1926.732,1924.226,1926.538,10048
2023-09-06 04:00:00,1926.531,1928.466,1922.847,1922.928,11495
2023-09-06 08:00:00,1922.962,1927.73,1922.576,1925.408,11623
2023-09-06 12:00:00,1925.401,1929.134,1915.28,1916.774,25727
2023-09-06 16:00:00,1916.776,1920.66,1915.996,1916.68,10169
2023-09-06 20:00:00,1916.71,1918.141,1915.959,1917.129,3736
2023-09-07 00:00:00,1917.124,1920.699,1916.321,1920.154,9794
2023-09-07 04:00:00,1920.137,1920.246,1917.107,1918.382,11090
2023-09-07 08:00:00,1918.35,1922.295,1917.374,1921.81,11142
2023-09-07 12:00:00,1921.825,1923.559,1916.201,1920.943,21444
2023-09-07 16:00:00,1920.94,1921.416,1917.451,1918.753,9003
2023-09-07 20:00:00,1918.785,1920.331,1918.785,1920.285,3166
2023-09-08 00:00:00,1920.293,1927.169,1920.101,1924.943,12813
2023-09-08 04:00:00,1924.943,1927.273,1923.847,1924.11,10371
2023-09-08 08:00:00,1924.104,1925.85,1922.645,1923.023,10828
2023-09-08 12:00:00,1923.003,1929.677,1919.187,1919.583,20857
2023-09-08 16:00:00,1919.582,1920.669,1917.322,1919.194,9017
2023-09-08 20:00:00,1919.183,1919.385,1918.793,1919.011,993
2023-09-10 20:00:00,1919.658,1919.691,1916.614,1918.838,4020
2023-09-11 00:00:00,1918.832,1924.05,1918.354,1923.311,12474
2023-09-11 04:00:00,1923.311,1930.583,1922.958,1926.459,14518
2023-09-11 08:00:00,1926.429,1928.015,1924.661,1925.205,11720
2023-09-11 12:00:00,1925.197,1930.091,1921.381,1923.024,19579
2023-09-11 16:00:00,1923.024,1925.075,1921.474,1922.738,9556
2023-09-11 20:00:00,1922.706,1923.273,1921.243,1921.664,3234
2023-09-12 00:00:00,1921.627,1924.319,1920.349,1923.66,10635
2023-09-12 04:00:00,1923.66,1924.484,1918.801,1919.005,10988
2023-09-12 08:00:00,1919.004,1921.335,1910.951,1912.973,13266
2023-09-12 12:00:00,1912.973,1914.618,1907.464,1912.448,20986
2023-09-12 16:00:00,1912.46,1915.044,1911.718,1912.979,9946
2023-09-12 20:00:00,1912.964,1913.816,1912.472,1912.895,3499
2023-09-13 00:00:00,1912.895,1913.819,1908.205,1909.642,11053
2023-09-13 04:00:00,1909.639,1912.637,1908.229,1912.026,12206
2023-09-13 08:00:00,1911.995,1913.092,1910.776,1912.3,11018
2023-09-13 12:00:00,1912.3,1915.734,1905.54,1910.413,30415
2023-09-13 16:00:00,1910.413,1911.668,1908.167,1908.777,10904
2023-09-13 20:00:00,1908.805,1909.813,1907.506,1909.214,4004
2023-09-14 00:00:00,1909.207,1912.893,1908.801,1909.68,12219
2023-09-14 04:00:00,1909.679,1911.021,1905.204,1905.855,11690
2023-09-14 08:00:00,1905.855,1909.115,1905.535,1907.495,11295
2023-09-14 12:00:00,1907.526,1911.37,1901.006,1907.95,31455
2023-09-14 16:00:00,1907.958,1912.067,1907.94,1909.45,11966
2023-09-14 20:00:00,1909.415,1911.064,1909.216,1909.772,3868
2023-09-15 00:00:00,1909.803,1915.979,1909.803,1915.588,12158
2023-09-15 04:00:00,1915.575,1919.543,1914.93,1918.01,13677
2023-09-15 08:00:00,1918.01,1919.94,1916.734,1919.183,11678
2023-09-15 12:00:00,1919.191,1930.41,1916.01,1926.416,24820
2023-09-15 16:00:00,1926.418,1927.842,1922.39,1922.487,11204
2023-09-15 20:00:00,1922.521,1923.905,1922.416,1923.868,1786
2023-09-17 20:00:00,1924.114,1924.568,1922.584,1923.264,2702
2023-09-18 00:00:00,1923.265,1929.486,1923.229,1928.876,11713
2023-09-18 04:00:00,1928.844,1930.608,1926.449,1926.478,12328
2023-09-18 08:00:00,1926.447,1928.164,1925.081,1926.807,10909
2023-09-18 12:00:00,1926.792,1929.416,1922.811,1929.003,18145
2023-09-18 16:00:00,1929.035,1933.571,1927.733,1933.32,10230
2023-09-18 20:00:00,1933.289,1934.491,1933.072,1934.078,3769
2023-09-19 00:00:00,1934.099,1934.572,1931.758,1932.264,9190
2023-09-19 04:00:00,1932.264,1934.79,1929.837,1934.445,10415
2023-09-19 08:00:00,1934.45,1936.783,1933.463,1935.244,9781
2023-09-19 12:00:00,1935.253,1937.382,1931.039,1933.094,18731
2023-09-19 16:00:00,1933.107,1933.725,1929.761,1931.932,10147
2023-09-19 20:00:00,1931.899,1932.345,1930.905,1931.356,3318
2023-09-20 00:00:00,1931.355,1931.528,1928.384,1930.588,9703
2023-09-20 04:00:00,1930.589,1932.318,1927.912,1928.706,10988
2023-09-20 08:00:00,1928.674,1932.706,1928.646,1932.086,10567
2023-09-20 12:00:00,1932.054,1945.811,1930.945,1941.858,19461
2023-09-20 16:00:00,1941.834,1947.398,1932.848,1932.994,25018
2023-09-20 20:00:00,1933.026,1933.676,1929.158,1929.462,7059
2023-09-21 00:00:00,1929.466,1929.694,1924.227,1928.336,12484
2023-09-21 04:00:00,1928.338,1930.488,1926.392,1927.158,11617
2023-09-21 08:00:00,1927.127,1927.419,1920.226,1920.742,13992
2023-09-21 12:00:00,1920.749,1923.812,1913.878,1917.434,28720
2023-09-21 16:00:00,1917.465,1921.256,1916.279,1919.729,11603
2023-09-21 20:00:00,1919.762,1921.538,1919.366,1921.39,4210
2023-09-22 00:00:00,1921.398,1925.528,1921.227,1923.813,11322
2023-09-22 04:00:00,1923.816,1928.721,1923.409,1928.0,12965
2023-09-22 08:00:00,1927.966,1927.986,1924.299,1925.545,11982
2023-09-22 12:00:00,1925.544,1929.083,1924.137,1927.706,19203
2023-09-22 16:00:00,1927.704,1928.516,1924.279,1925.373,10051
2023-09-22 20:00:00,1925.342,1925.557,1924.631,1925.269,1193
2023-09-24 20:00:00,1926.155,1926.331,1924.439,1924.767,3127
2023-09-25 00:00:00,1924.767,1925.301,1922.646,1923.619,9353
2023-09-25 04:00:00,1923.617,1927.185,1920.865,1923.487,10886
2023-09-25 08:00:00,1923.486,1924.988,1921.008,1924.057,12608
2023-09-25 12:00:00,1924.024,1926.837,1915.121,1917.455,22473
2023-09-25 16:00:00,1917.448,1918.258,1915.181,1915.492,10642
2023-09-25 20:00:00,1915.513,1916.782,1915.435,1916.245,2892
2023-09-26 00:00:00,1916.246,1916.485,1913.063,1913.629,9553
2023-09-26 04:00:00,1913.627,1915.171,1909.618,1913.675,10473
2023-09-26 08:00:00,1913.711,1915.615,1910.556,1911.572,12226
2023-09-26 12:00:00,1911.57,1912.828,1900.629,1902.403,23216
2023-09-26 16:00:00,1902.433,1903.636,1899.14,1900.494,12378
2023-09-26 20:00:00,1900.533,1902.069,1900.276,1901.566,3562
2023-09-27 00:00:00,1901.562,1903.787,1899.377,1899.911,10461
2023-09-27 04:00:00,1899.902,1899.902,1895.6,1896.656,12747
2023-09-27 08:00:00,1896.625,1897.836,1892.506,1892.889,12692
2023-09-27 12:00:00,1892.879,1893.09,1879.842,1881.528,22731
2023-09-27 16:00:00,1881.562,1881.628,1872.544,1876.739,16150
2023-09-27 20:00:00,1876.77,1877.688,1874.636,1877.599,4755
2023-09-28 00:00:00,1877.621,1877.89,1873.604,1874.667,10906
2023-09-28 04:00:00,1874.649,1878.207,1873.727,1875.717,13330
2023-09-28 08:00:00,1875.751,1877.162,1873.674,1876.01,13102
2023-09-28 12:00:00,1876.022,1879.527,1857.682,1864.756,30527
2023-09-28 16:00:00,1864.796,1867.314,1860.984,1867.139,14805
2023-09-28 20:00:00,1867.108,1867.263,1863.812,1866.737,5276
2023-09-29 00:00:00,1866.733,1867.241,1862.927,1863.339,9709
2023-09-29 04:00:00,1863.339,1873.985,1863.109,1873.539,12527
2023-09-29 08:00:00,1873.565,1873.762,1867.567,1869.462,13976
2023-09-29 12:00:00,1869.462,1879.839,1852.231,1854.778,34414
2023-09-29 16:00:00,1854.811,1856.455,1846.319,1848.237,15426
2023-09-29 20:00:00,1848.206,1849.891,1847.723,1848.833,2126
2023-10-01 20:00:00,1847.322,1848.715,1845.725,1848.352,4074
2023-10-02 00:00:00,1848.352,1848.923,1842.888,1843.473,8923
2023-10-02 04:00:00,1843.469,1846.22,1839.295,1839.814,13025
2023-10-02 08:00:00,1839.782,1843.206,1831.083,1837.3,16743
2023-10-02 12:00:00,1837.338,1840.597,1827.151,1832.614,31132
2023-10-02 16:00:00,1832.647,1833.604,1829.201,1829.344,14683
2023-10-02 20:00:00,1829.313,1829.625,1820.442,1824.982,7153
2023-10-03 00:00:00,1824.957,1825.216,1815.255,1820.528,13682
2023-10-03 04:00:00,1820.531,1824.624,1818.196,1824.036,14726
2023-10-03 08:00:00,1824.062,1829.125,1823.658,1825.947,16093
2023-10-03 12:00:00,1825.945,1833.382,1819.284,1824.825,46470
2023-10-03 16:00:00,1824.857,1828.083,1821.891,1823.924,16625
2023-10-03 20:00:00,1823.884,1824.992,1822.166,1823.341,5182
2023-10-04 00:00:00,1823.341,1825.033,1819.638,1820.768,12462
2023-10-04 04:00:00,1820.767,1823.825,1816.707,1823.102,14601
2023-10-04 08:00:00,1823.07,1827.165,1820.268,1824.987,16827
2023-10-04 12:00:00,1824.982,1830.617,1817.107,1823.756,36832
2023-10-04 16:00:00,1823.854,1824.021,1816.593,1823.323,15783
2023-10-04 20:00:00,1823.359,1824.022,1820.488,1822.561,4658
2023-10-05 00:00:00,1822.509,1828.709,1821.812,1828.335,11169
2023-10-05 04:00:00,1828.366,1829.21,1819.879,1820.728,12724
2023-10-05 08:00:00,1820.757,1823.97,1819.667,1823.032,14170
2023-10-05 12:00:00,1823.027,1823.879,1813.032,1815.509,30729
2023-10-05 16:00:00,1815.541,1820.84,1814.842,1820.339,14485
2023-10-05 20:00:00,1820.37,1823.139,1819.458,1821.31,3723
2023-10-06 00:00:00,1821.31,1824.438,1819.696,1823.981,9814
2023-10-06 04:00:00,1823.942,1824.548,1818.599,1821.385,11413
2023-10-06 08:00:00,1821.373,1825.087,1819.312,1821.244,13408
2023-10-06 12:00:00,1821.224,1834.87,1810.44,1832.593,44522
2023-10-06 16:00:00,1832.572,1833.967,1828.799,1829.424,15625
2023-10-06 20:00:00,1829.392,1832.203,1828.977,1831.937,1923
2023-10-08 20:00:00,1853.427,1854.68,1845.562,1848.003,10962
2023-10-09 00:00:00,1848.03,1852.764,1846.275,1851.112,15272
2023-10-09 04:00:00,1851.143,1854.398,1848.057,1850.464,14841
2023-10-09 08:00:00,1850.428,1852.299,1848.919,1849.985,12551
2023-10-09 12:00:00,1850.022,1853.167,1844.198,1851.577,23768
2023-10-09 16:00:00,1851.577,1863.454,1848.671,1863.261,13363
2023-10-09 20:00:00,1863.228,1863.228,1860.38,1862.573,4657
2023-10-10 00:00:00,1862.62,1865.315,1861.403,1862.457,14310
2023-10-10 04:00:00,1862.458,1862.497,1855.173,1857.373,15193
2023-10-10 08:00:00,1857.379,1859.77,1854.852,1857.165,15860
2023-10-10 12:00:00,1857.195,1862.295,1853.007,1861.29,24853
2023-10-10 16:00:00,1861.282,1862.758,1858.099,1860.14,14605
2023-10-10 20:00:00,1860.108,1860.761,1859.366,1859.685,3599
2023-10-11 00:00:00,1859.67,1862.108,1859.569,1860.095,10937
2023-10-11 04:00:00,1860.095,1868.16,1858.628,1867.949,13051
2023-10-11 08:00:00,1867.918,1874.749,1866.913,1871.009,15394
2023-10-11 12:00:00,1871.008,1875.041,1867.403,1873.032,26892
2023-10-11 16:00:00,1873.064,1877.189,1870.82,1873.621,15518
2023-10-11 20:00:00,1873.651,1875.7,1873.372,1875.288,4031
2023-10-12 00:00:00,1875.289,1878.716,1874.49,1877.63,11079
2023-10-12 04:00:00,1877.66,1882.629,1876.775,1878.892,12016
2023-10-12 08:00:00,1878.862,1884.472,1878.641,1883.532,12967
2023-10-12 12:00:00,1883.534,1884.993,1870.727,1872.32,30438
2023-10-12 16:00:00,1872.351,1873.626,1867.92,1868.335,15968
2023-10-12 20:00:00,1868.295,1871.215,1868.295,1870.592,3836
2023-10-13 00:00:00,1870.584,1873.994,1870.092,1873.68,10341
2023-10-13 04:00:00,1873.681,1883.108,1873.578,1882.131,13248
2023-10-13 08:00:00,1882.149,1899.859,1881.968,1896.456,17972
2023-10-13 12:00:00,1896.425,1923.149,1896.425,1922.988,41492
2023-10-13 16:00:00,1923.019,1930.735,1922.43,1928.33,16751
2023-10-13 20:00:00,1928.361,1932.63,1928.13,1932.254,2117
2023-10-15 20:00:00,1927.558,1927.558,1921.214,1925.874,7679
2023-10-16 00:00:00,1925.88,1925.965,1918.066,1920.064,12810
2023-10-16 04:00:00,1920.062,1920.399,1908.181,1911.456,16419
2023-10-16 08:00:00,1911.432,1918.318,1909.98,1915.604,16399
2023-10-16 12:00:00,1915.635,1924.564,1914.417,1921.491,29743
2023-10-16 16:00:00,1921.525,1922.758,1917.863,1918.98,12235
2023-10-16 20:00:00,1919.024,1921.773,1918.805,1919.424,4790
2023-10-17 00:00:00,1919.419,1920.004,1912.38,1916.822,12270
2023-10-17 04:00:00,1916.847,1921.376,1914.235,1920.042,13056
2023-10-17 08:00:00,1920.009,1926.541,1918.632,1924.03,16028
2023-10-17 12:00:00,1924.051,1931.561,1919.065,1926.855,32411
2023-10-17 16:00:00,1926.823,1926.823,1919.146,1922.618,15052
2023-10-17 20:00:00,1922.649,1925.545,1922.154,1924.727,4080
2023-10-18 00:00:00,1924.726,1942.762,1923.793,1937.485,16613
2023-10-18 04:00:00,1937.485,1940.134,1935.141,1939.625,14386
2023-10-18 08:00:00,1939.595,1947.459,1937.257,1946.173,16245
2023-10-18 12:00:00,1946.143,1962.599,1938.233,1945.176,37568
2023-10-18 16:00:00,1945.207,1956.557,1944.64,1950.372,17832
2023-10-18 20:00:00,1950.359,1951.671,1947.167,1950.88,5897
2023-10-19 00:00:00,1950.82,1953.256,1945.132,1946.31,13068
2023-10-19 04:00:00,1946.329,1952.759,1945.321,1949.458,15463
2023-10-19 08:00:00,1949.43,1954.468,1947.844,1952.129,15565
2023-10-19 12:00:00,1952.16,1959.951,1949.764,1956.17,29448
2023-10-19 16:00:00,1956.208,1977.672,1952.12,1974.366,32725
2023-10-19 20:00:00,1974.406,1982.433,1972.466,1977.175,9973
2023-10-20 00:00:00,1977.21,1981.852,1972.011,1977.769,18059
2023-10-20 04:00:00,1977.766,1982.16,1974.099,1980.175,16167
2023-10-20 08:00:00,1980.207,1985.855,1976.41,1977.267,17388
2023-10-20 12:00:00,1977.297,1997.152,1973.268,1991.604,34047
2023-10-20 16:00:00,1991.591,1992.395,1974.305,1979.69,25528
2023-10-20 20:00:00,1979.659,1981.338,1978.928,1980.788,2111
2023-10-22 20:00:00,1972.769,1978.567,1970.099,1971.581,6194
2023-10-23 00:00:00,1971.542,1974.762,1964.345,1973.661,18333
2023-10-23 04:00:00,1973.647,1979.75,1972.752,1979.458,15658
2023-10-23 08:00:00,1979.419,1982.784,1975.31,1979.346,16811
2023-10-23 12:00:00,1979.367,1981.958,1970.122,1975.362,30131
2023-10-23 16:00:00,1975.347,1979.342,1971.155,1973.207,17416
2023-10-23 20:00:00,1973.176,1973.837,1971.449,1973.595,4421
2023-10-24 00:00:00,1973.592,1980.873,1972.434,1976.881,14214
2023-10-24 04:00:00,1976.85,1979.181,1974.491,1975.337,14258
2023-10-24 08:00:00,1975.332,1975.946,1953.482,1963.755,21214
2023-10-24 12:00:00,1963.725,1970.065,1959.026,1969.791,31693
2023-10-24 16:00:00,1969.746,1977.573,1968.907,1972.729,15596
2023-10-24 20:00:00,1972.694,1973.421,1970.006,1972.862,4235
2023-10-25 00:00:00,1972.863,1976.983,1970.891,1973.261,13522
2023-10-25 04:00:00,1973.23,1975.954,1968.331,1971.187,14008
2023-10-25 08:00:00,1971.187,1976.454,1969.477,1974.701,15551
2023-10-25 12:00:00,1974.735,1987.245,1963.036,1981.225,37750
2023-10-25 16:00:00,1981.234,1985.691,1976.554,1980.82,18738
2023-10-25 20:00:00,1980.789,1984.139,1977.7,1982.961,8888
2023-10-26 00:00:00,1982.979,1987.378,1982.431,1987.203,12502
2023-10-26 04:00:00,1987.2,1990.079,1983.98,1990.079,15835
2023-10-26 08:00:00,1990.069,1993.426,1982.49,1984.608,14992
2023-10-26 12:00:00,1984.627,1986.709,1971.773,1980.258,35184
2023-10-26 16:00:00,1980.232,1989.262,1979.737,1984.401,17617
2023-10-26 20:00:00,1984.369,1986.778,1983.401,1984.416,5292
2023-10-27 00:00:00,1984.416,1988.85,1982.896,1987.907,12434
2023-10-27 04:00:00,1987.895,1989.959,1985.83,1987.351,14004
2023-10-27 08:00:00,1987.346,1987.924,1979.984,1981.806,13643
2023-10-27 12:00:00,1981.773,1986.152,1976.854,1979.947,32863
2023-10-27 16:00:00,1979.917,2009.364,1979.194,2006.946,24510
2023-10-27 20:00:00,2006.979,2007.172,2004.36,2006.086,3117
2023-10-29 20:00:00,2002.992,2004.813,1996.905,2002.694,9377
2023-10-30 00:00:00,2002.722,2006.769,2001.54,2002.112,13592
2023-10-30 04:00:00,2002.112,2002.697,1993.434,1993.646,13582
2023-10-30 08:00:00,1993.68,1997.354,1991.014,1995.757,17382
2023-10-30 12:00:00,1995.787,2002.519,1992.047,1999.126,31224
2023-10-30 16:00:00,1999.158,2000.632,1994.716,1995.924,14471
2023-10-30 20:00:00,1995.894,1996.723,1994.002,1995.529,4639
2023-10-31 00:00:00,1995.546,1997.288,1991.698,1992.163,13348
2023-10-31 04:00:00,1992.16,1997.631,1990.581,1996.287,12528
2023-10-31 08:00:00,1996.283,2000.373,1995.126,1999.882,15159
2023-10-31 12:00:00,1999.848,2007.887,1992.422,1994.241,31743
2023-10-31 16:00:00,1994.207,1994.76,1978.843,1984.864,22245
2023-10-31 20:00:00,1984.827,1986.156,1983.134,1983.706,6381
2023-11-01 00:00:00,1983.707,1983.987,1976.874,1977.118,13048
2023-11-01 04:00:00,1977.116,1981.004,1975.269,1977.14,12890
2023-11-01 08:00:00,1977.135,1985.174,1977.134,1983.455,14428
2023-11-01 12:00:00,1983.453,1992.655,1978.378,1979.274,30147
2023-11-01 16:00:00,1979.245,1982.294,1969.868,1978.632,29020
2023-11-01 20:00:00,1978.6,1985.67,1977.152,1985.048,7631
2023-11-02 00:00:00,1985.027,1988.157,1983.361,1985.416,12771
2023-11-02 04:00:00,1985.438,1986.657,1983.65,1985.445,12450
2023-11-02 08:00:00,1985.415,1990.359,1984.545,1988.499,14124
2023-11-02 12:00:00,1988.545,1990.963,1978.828,1981.179,27244
2023-11-02 16:00:00,1981.166,1986.693,1979.023,1985.436,14333
2023-11-02 20:00:00,1985.405,1986.502,1984.338,1985.002,4560
2023-11-03 00:00:00,1984.994,1987.819,1983.259,1985.839,10108
2023-11-03 04:00:00,1985.84,1989.083,1984.617,1986.562,10763
2023-11-03 08:00:00,1986.561,1990.222,1986.16,1987.622,12651
2023-11-03 12:00:00,1987.653,2004.04,1985.827,1991.744,44391
2023-11-03 16:00:00,1991.775,1995.095,1989.345,1992.73,15843
2023-11-03 20:00:00,1992.687,1992.921,1992.059,1992.555,1598
2023-11-05 20:00:00,1991.456,1991.616,1987.183,1988.507,2471
2023-11-06 00:00:00,1988.511,1993.08,1981.898,1985.224,14234
2023-11-06 04:00:00,1985.191,1985.31,1982.284,1983.466,11924
2023-11-06 08:00:00,1983.499,1988.39,1982.925,1987.674,13914
2023-11-06 12:00:00,1987.678,1989.052,1981.111,1981.113,21111
2023-11-06 16:00:00,1981.153,1984.441,1979.213,1980.338,13768
2023-11-06 20:00:00,1980.319,1980.319,1975.775,1976.719,7660
2023-11-07 00:00:00,1976.691,1977.039,1972.293,1972.6,12106
2023-11-07 04:00:00,1972.6,1974.175,1967.228,1969.32,11781
2023-11-07 08:00:00,1969.313,1970.239,1962.671,1963.882,16229
2023-11-07 12:00:00,1963.87,1967.216,1956.692,1963.334,26686
2023-11-07 16:00:00,1963.336,1969.877,1961.777,1967.461,16160
2023-11-07 20:00:00,1967.462,1969.376,1966.951,1968.94,6712
2023-11-08 00:00:00,1968.946,1971.033,1967.332,1967.782,12050
2023-11-08 04:00:00,1967.784,1969.152,1964.987,1967.631,11759
2023-11-08 08:00:00,1967.598,1968.974,1959.46,1964.423,15269
2023-11-08 12:00:00,1964.434,1966.67,1950.939,1955.402,23454
2023-11-08 16:00:00,1955.361,1957.909,1947.523,1948.168,18841
2023-11-08 20:00:00,1948.163,1951.812,1947.372,1950.851,7550
2023-11-09 00:00:00,1950.853,1954.566,1947.8,1949.238,13915
2023-11-09 04:00:00,1949.26,1950.501,1948.083,1949.366,12428
2023-11-09 08:00:00,1949.335,1949.71,1944.535,1948.83,14113
2023-11-09 12:00:00,1948.838,1964.96,1944.844,1962.972,27254
2023-11-09 16:00:00,1962.901,1965.756,1956.196,1958.387,22243
2023-11-09 20:00:00,1958.424,1960.035,1956.914,1959.096,7911
2023-11-10 00:00:00,1959.097,1960.751,1956.483,1959.425,12654
2023-11-10 04:00:00,1959.42,1959.505,1953.753,1955.385,11962
2023-11-10 08:00:00,1955.369,1957.172,1947.097,1948.214,14385
2023-11-10 12:00:00,1948.204,1949.141,1939.718,1942.009,24865
2023-11-10 16:00:00,1942.047,1943.442,1932.936,1935.478,16803
2023-11-10 20:00:00,1935.473,1938.942,1934.588,1938.391,4911
2023-11-12 20:00:00,1941.04,1941.337,1921.482,1940.38,2186
2023-11-13 00:00:00,1940.412,1941.95,1934.094,1935.351,14239
2023-11-13 04:00:00,1935.351,1941.241,1934.183,1938.809,12405
2023-11-13 08:00:00,1938.833,1940.461,1936.018,1938.002,13497
2023-11-13 12:00:00,1938.002,1938.948,1931.642,1938.459,19481
2023-11-13 16:00:00,1938.443,1949.225,1938.172,1946.179,14854
2023-11-13 20:00:00,1946.165,1946.796,1945.187,1946.437,5372
2023-11-14 00:00:00,1946.455,1948.362,1944.356,1944.801,10790
2023-11-14 04:00:00,1944.768,1946.471,1943.744,1945.631,10139
2023-11-14 08:00:00,1945.648,1948.129,1944.327,1945.875,13368
2023-11-14 12:00:00,1945.909,1970.991,1937.606,1964.351,33777
2023-11-14 16:00:00,1964.388,1966.582,1961.62,1963.661,16529
2023-11-14 20:00:00,1963.691,1964.5,1962.231,1962.53,6071
2023-11-15 00:00:00,1962.524,1967.021,1961.563,1966.852,13050
2023-11-15 04:00:00,1966.864,1971.053,1965.914,1970.298,13280
2023-11-15 08:00:00,1970.329,1974.057,1969.79,1972.935,14816
2023-11-15 12:00:00,1972.938,1975.329,1955.466,1963.154,27188
2023-11-15 16:00:00,1963.172,1963.7,1959.154,1961.751,15523
2023-11-15 20:00:00,1961.72,1962.215,1958.958,1960.365,6531
2023-11-16 00:00:00,1960.371,1962.177,1956.458,1961.439,12407
2023-11-16 04:00:00,1961.434,1967.778,1960.822,1966.545,11550
2023-11-16 08:00:00,1966.514,1968.575,1964.638,1965.573,13120
2023-11-16 12:00:00,1965.569,1986.5,1962.102,1984.919,25994
2023-11-16 16:00:00,1984.896,1987.977,1980.165,1983.39,17244
2023-11-16 20:00:00,1983.337,1984.079,1980.575,1982.708,6514
2023-11-17 00:00:00,1982.687,1986.981,1981.773,1986.702,13115
2023-11-17 04:00:00,1986.701,1987.712,1982.712,1987.694,11675
2023-11-17 08:00:00,1987.658,1993.458,1984.617,1988.775,16733
2023-11-17 12:00:00,1988.844,1991.633,1979.394,1983.437,23666
2023-11-17 16:00:00,1983.468,1985.333,1978.552,1980.359,15396
2023-11-17 20:00:00,1980.406,1981.057,1978.993,1980.668,4480
2023-11-19 20:00:00,1977.494,1978.764,1974.156,1974.508,2468
2023-11-20 00:00:00,1974.618,1985.158,1973.393,1982.306,16131
2023-11-20 04:00:00,1982.278,1983.433,1978.121,1978.583,15150
2023-11-20 08:00:00,1978.634,1980.565,1972.25,1973.371,17139
2023-11-20 12:00:00,1973.349,1973.417,1965.456,1971.924,23598
2023-11-20 16:00:00,1971.962,1978.963,1971.269,1978.415,17106
2023-11-20 20:00:00,1978.42,1981.638,1976.926,1981.207,6831
2023-11-21 00:00:00,1981.192,1994.272,1980.749,1993.3,16844
2023-11-21 04:00:00,1993.243,1994.091,1989.659,1992.396,15367
2023-11-21 08:00:00,1992.331,1994.284,1984.256,1987.239,17415
2023-11-21 12:00:00,1987.254,2007.535,1986.608,2004.196,27064
2023-11-21 16:00:00,2004.21,2005.359,1996.177,2000.058,18852
2023-11-21 20:00:00,2000.098,2000.193,1997.838,1999.376,6792
2023-11-22 00:00:00,1999.376,1999.376,1995.499,1996.501,13866
2023-11-22 04:00:00,1996.498,2004.063,1996.207,2003.694,14987
2023-11-22 08:00:00,2003.666,2006.46,1999.007,2000.637,16570
2023-11-22 12:00:00,2000.64,2003.247,1989.926,1994.941,20465
2023-11-22 16:00:00,1994.938,1995.518,1986.888,1990.685,16090
2023-11-22 20:00:00,1990.738,1991.853,1989.386,1990.544,6653
2023-11-23 00:00:00,1990.553,1998.227,1990.168,1997.741,12710
2023-11-23 04:00:00,1997.723,1998.59,1993.384,1996.403,12630
2023-11-23 08:00:00,1996.372,1996.443,1992.161,1993.863,13376
2023-11-23 12:00:00,1993.875,1994.887,1991.806,1992.166,13053
2023-11-23 16:00:00,1992.177,1992.981,1989.799,1992.145,5096
2023-11-23 20:00:00,1992.64,1994.38,1992.574,1994.049,1469
2023-11-24 00:00:00,1994.109,1994.928,1991.52,1993.561,13108
2023-11-24 04:00:00,1993.562,1994.818,1991.523,1993.521,12763
2023-11-24 08:00:00,1993.491,1996.335,1992.244,1995.217,13603
2023-11-24 12:00:00,1995.266,2003.643,1994.359,1998.37,21202
2023-11-24 16:00:00,1998.377,2002.345,1997.195,2002.275,8806
2023-11-26 20:00:00,2000.961,2003.05,2000.552,2002.317,2318
2023-11-27 00:00:00,2002.402,2018.225,2001.851,2009.588,20009
2023-11-27 04:00:00,2009.568,2013.756,2008.449,2010.893,15754
2023-11-27 08:00:00,2010.863,2015.529,2010.502,2012.557,16049
2023-11-27 12:00:00,2012.566,2016.374,2008.662,2010.24,24505
2023-11-27 16:00:00,2010.293,2013.6,2005.705,2012.813,16607
2023-11-27 20:00:00,2012.808,2015.466,2011.961,2015.253,6809
2023-11-28 00:00:00,2015.254,2018.062,2013.816,2014.936,14367
2023-11-28 04:00:00,2014.975,2016.908,2012.122,2013.549,12269
2023-11-28 08:00:00,2013.546,2016.695,2012.515,2015.166,14107
2023-11-28 12:00:00,2015.21,2031.546,2011.372,2030.831,26047
2023-11-28 16:00:00,2030.835,2043.053,2030.402,2041.81,19412
2023-11-28 20:00:00,2041.806,2044.61,2039.661,2044.442,8404
2023-11-29 00:00:00,2044.463,2052.065,2042.787,2044.049,19163
2023-11-29 04:00:00,2044.054,2049.038,2041.036,2042.521,15970
2023-11-29 08:00:00,2042.449,2044.123,2035.266,2040.102,17935
2023-11-29 12:00:00,2040.06,2047.009,2037.105,2042.924,30482
2023-11-29 16:00:00,2042.898,2049.572,2039.521,2046.294,18103
2023-11-29 20:00:00,2046.307,2046.458,2042.824,2044.679,7900
2023-11-30 00:00:00,2044.678,2047.302,2042.611,2046.076,13546
2023-11-30 04:00:00,2046.102,2046.918,2041.366,2044.612,14396
2023-11-30 08:00:00,2044.699,2045.7,2035.895,2037.185,17881
2023-11-30 12:00:00,2037.233,2044.112,2031.308,2037.864,32244
2023-11-30 16:00:00,2037.879,2041.406,2033.65,2036.135,16307
2023-11-30 20:00:00,2036.086,2040.53,2034.782,2039.987,6968
2023-12-01 00:00:00,2040.113,2043.408,2038.691,2039.441,13857
2023-12-01 04:00:00,2039.441,2042.86,2038.844,2039.539,12935
2023-12-01 08:00:00,2039.587,2049.908,2036.444,2037.071,17613
2023-12-01 12:00:00,2037.102,2053.316,2033.885,2049.344,30562
2023-12-01 16:00:00,2049.372,2075.347,2044.635,2067.054,27549
2023-12-01 20:00:00,2067.051,2071.915,2066.457,2071.684,5156
2023-12-03 20:00:00,2074.414,2144.685,2071.718,2117.588,17150
2023-12-04 00:00:00,2117.99,2120.704,2083.188,2085.813,38593
2023-12-04 04:00:00,2085.836,2090.527,2061.496,2063.586,26270
2023-12-04 08:00:00,2063.624,2076.381,2057.736,2070.872,27678
2023-12-04 12:00:00,2070.844,2071.357,2020.024,2022.583,55748
2023-12-04 16:00:00,2022.553,2031.539,2020.697,2030.914,30127
2023-12-04 20:00:00,2030.949,2034.169,2026.181,2034.126,10980
2023-12-05 00:00:00,2033.968,2041.209,2032.69,2037.324,20051
2023-12-05 04:00:00,2037.309,2038.354,2030.443,2032.636,18970
2023-12-05 08:00:00,2032.688,2039.615,2021.53,2024.717,22441
2023-12-05 12:00:00,2024.754,2030.859,2009.781,2016.268,41633
2023-12-05 16:00:00,2016.307,2020.603,2012.153,2019.759,23020
2023-12-05 20:00:00,2019.75,2020.946,2017.215,2018.941,8333
2023-12-06 00:00:00,2018.942,2024.227,2018.722,2023.168,14932
2023-12-06 04:00:00,2023.208,2035.952,2020.422,2034.068,16100
2023-12-06 08:00:00,2034.028,2034.936,2020.128,2021.353,19393
2023-12-06 12:00:00,2021.37,2033.054,2020.992,2030.247,31565
2023-12-06 16:00:00,2030.283,2031.371,2023.897,2029.916,19466
2023-12-06 20:00:00,2029.923,2029.941,2024.427,2027.044,8896
2023-12-07 00:00:00,2027.015,2030.082,2026.054,2026.907,14557
2023-12-07 04:00:00,2026.864,2030.778,2025.202,2029.622,16213
2023-12-07 08:00:00,2029.662,2035.153,2028.841,2032.6,17033
2023-12-07 12:00:00,2032.599,2039.931,2025.111,2029.337,32402
2023-12-07 16:00:00,2029.293,2031.943,2020.129,2029.888,22639
2023-12-07 20:00:00,2029.91,2031.26,2026.822,2027.984,6576
2023-12-08 00:00:00,2028.101,2034.052,2027.536,2032.399,17493
2023-12-08 04:00:00,2032.426,2032.445,2028.874,2030.893,14674
2023-12-08 08:00:00,2030.847,2032.381,2026.47,2030.009,19534
2023-12-08 12:00:00,2030.047,2030.137,2002.537,2008.905,47072
2023-12-08 16:00:00,2008.903,2009.698,1994.584,2000.798,22866
2023-12-08 20:00:00,2000.774,2005.104,2000.043,2004.376,5780
2023-12-10 20:00:00,2005.622,2007.685,2004.6,2007.091,3161
2023-12-11 00:00:00,2007.03,2007.844,1995.448,1996.927,17959
2023-12-11 04:00:00,1996.943,2000.572,1991.308,1992.795,15764
2023-12-11 08:00:00,1992.806,1997.863,1991.17,1996.138,18010
2023-12-11 12:00:00,1996.191,1996.781,1980.61,1982.343,26088
2023-12-11 16:00:00,1982.394,1984.338,1975.876,1981.613,20424
2023-12-11 20:00:00,1981.654,1984.335,1980.321,1982.998,7859
2023-12-12 00:00:00,1982.989,1989.535,1981.893,1985.5,16410
2023-12-12 04:00:00,1985.497,1989.128,1984.675,1988.056,13462
2023-12-12 08:00:00,1988.028,1988.466,1982.653,1988.405,15590
2023-12-12 12:00:00,1988.358,1996.784,1980.051,1981.687,33606
2023-12-12 16:00:00,1981.735,1983.684,1977.162,1980.305,18502
2023-12-12 20:00:00,1980.299,1982.823,1979.037,1982.49,6893
2023-12-13 00:00:00,1982.489,1982.554,1977.753,1978.024,12587
2023-12-13 04:00:00,1977.975,1980.509,1973.071,1979.263,14594
2023-12-13 08:00:00,1979.303,1983.605,1978.598,1982.799,15237
2023-12-13 12:00:00,1982.788,1986.783,1978.421,1981.822,23270
2023-12-13 16:00:00,1981.862,2017.488,1979.661,2013.636,34222
2023-12-13 20:00:00,2013.683,2033.167,2012.604,2032.851,23800
2023-12-14 00:00:00,2032.892,2039.358,2029.972,2031.016,26841
2023-12-14 04:00:00,2030.976,2037.413,2029.294,2032.693,20222
2023-12-14 08:00:00,2032.654,2040.352,2032.022,2034.916,22521
2023-12-14 12:00:00,2035.047,2047.947,2027.45,2040.252,40811
2023-12-14 16:00:00,2040.22,2041.495,2028.981,2033.201,24450
2023-12-14 20:00:00,2033.157,2038.683,2032.733,2035.591,10214
2023-12-15 00:00:00,2035.559,2037.492,2031.244,2035.782,16503
2023-12-15 04:00:00,2035.746,2039.139,2034.357,2037.874,15293
2023-12-15 08:00:00,2037.837,2044.41,2036.998,2041.673,17922
2023-12-15 12:00:00,2041.659,2044.947,2026.933,2035.118,36471
2023-12-15 16:00:00,2035.088,2036.442,2015.579,2019.107,22935
2023-12-15 20:00:00,2019.053,2021.655,2017.432,2019.528,7066
2023-12-17 20:00:00,2019.84,2020.139,2015.931,2017.452,3340
2023-12-18 00:00:00,2017.451,2024.151,2016.105,2022.824,17706
2023-12-18 04:00:00,2022.818,2024.869,2021.494,2023.184,13328
2023-12-18 08:00:00,2023.151,2027.344,2018.773,2021.987,18980
2023-12-18 12:00:00,2021.956,2026.945,2020.311,2022.321,21286
2023-12-18 16:00:00,2022.367,2033.729,2021.186,2026.247,17919
2023-12-18 20:00:00,2026.281,2028.027,2025.545,2027.642,7663
2023-12-19 00:00:00,2027.606,2029.327,2022.651,2023.376,15689
2023-12-19 04:00:00,2023.326,2026.411,2021.734,2024.784,16230
2023-12-19 08:00:00,2024.728,2028.445,2023.865,2026.561,14199
2023-12-19 12:00:00,2026.58,2045.499,2026.204,2041.78,26105
2023-12-19 16:00:00,2041.799,2047.007,2036.663,2039.482,17985
2023-12-19 20:00:00,2039.52,2041.662,2038.71,2040.968,7931
2023-12-20 00:00:00,2040.899,2041.067,2036.738,2040.43,13723
2023-12-20 04:00:00,2040.43,2043.49,2039.382,2042.313,13261
2023-12-20 08:00:00,2042.246,2042.485,2031.794,2033.54,15504
2023-12-20 12:00:00,2033.458,2039.92,2029.554,2032.516,24473
2023-12-20 16:00:00,2032.564,2037.217,2030.162,2032.345,16808
2023-12-20 20:00:00,2032.308,2033.865,2027.421,2032.165,11651
2023-12-21 00:00:00,2032.14,2037.706,2031.942,2037.403,13071
2023-12-21 04:00:00,2037.409,2038.297,2033.896,2034.914,12540
2023-12-21 08:00:00,2034.899,2037.233,2033.019,2034.092,14007
2023-12-21 12:00:00,2034.135,2046.079,2032.071,2041.509,30391
2023-12-21 16:00:00,2041.502,2045.194,2037.448,2043.967,18062
2023-12-21 20:00:00,2043.964,2055.047,2043.099,2052.817,10461
2023-12-22 00:00:00,2052.824,2053.951,2046.792,2048.295,17229
2023-12-22 04:00:00,2048.295,2050.933,2047.073,2049.977,13930
2023-12-22 08:00:00,2049.973,2063.038,2049.656,2060.662,16199
2023-12-22 12:00:00,2060.72,2070.65,2057.691,2060.822,32495
2023-12-22 16:00:00,2060.824,2062.209,2051.136,2053.996,20941
2023-12-22 20:00:00,2053.986,2054.09,2052.121,2053.132,5598
2023-12-25 20:00:00,2057.79,2057.873,2053.505,2054.68,1443
2023-12-26 00:00:00,2054.902,2065.125,2053.388,2063.939,9484
2023-12-26 04:00:00,2063.907,2065.022,2061.348,2064.201,8405
2023-12-26 08:00:00,2064.22,2064.617,2060.503,2063.485,9049
2023-12-26 12:00:00,2063.532,2063.948,2054.49,2056.808,13625
2023-12-26 16:00:00,2056.822,2062.122,2056.523,2061.682,11296
2023-12-26 20:00:00,2061.709,2069.105,2061.542,2065.738,6455
2023-12-27 00:00:00,2066.211,2067.85,2063.926,2064.566,13742
2023-12-27 04:00:00,2064.572,2067.439,2064.093,2065.985,11855
2023-12-27 08:00:00,2065.983,2069.332,2061.501,2068.106,14316
2023-12-27 12:00:00,2068.154,2081.922,2064.404,2078.853,22955
2023-12-27 16:00:00,2078.824,2084.462,2075.897,2077.487,18585
2023-12-27 20:00:00,2077.534,2079.678,2076.327,2079.281,7467
2023-12-28 00:00:00,2079.541,2088.485,2079.208,2087.236,15957
2023-12-28 04:00:00,2087.238,2087.652,2084.012,2086.112,14680
2023-12-28 08:00:00,2086.189,2086.455,2072.679,2075.524,18733
2023-12-28 12:00:00,2075.544,2081.18,2071.301,2077.274,23068
2023-12-28 16:00:00,2077.227,2077.359,2065.929,2068.092,19642
2023-12-28 20:00:00,2068.046,2068.934,2064.494,2066.676,8062
2023-12-29 00:00:00,2066.78,2071.43,2066.048,2069.531,15123
2023-12-29 04:00:00,2069.53,2074.764,2068.887,2071.963,12302
2023-12-29 08:00:00,2072.012,2073.446,2061.82,2067.789,16375
2023-12-29 12:00:00,2067.756,2068.905,2058.161,2064.874,23656
2023-12-29 16:00:00,2064.828,2068.14,2061.129,2067.288,20604
2023-12-29 20:00:00,2067.266,2067.401,2062.461,2062.875,5903
2024-01-01 20:00:00,2064.889,2066.215,2062.842,2063.752,1989
2024-01-02 00:00:00,2063.678,2070.407,2062.235,2069.556,13289
2024-01-02 04:00:00,2069.562,2076.732,2068.893,2073.134,12466
2024-01-02 08:00:00,2073.2,2078.919,2068.253,2069.259,16605
2024-01-02 12:00:00,2069.215,2071.064,2056.137,2059.343,32912
2024-01-02 16:00:00,2059.373,2067.626,2059.132,2060.984,18605
2024-01-02 20:00:00,2061.027,2061.617,2057.875,2059.589,7474
2024-01-03 00:00:00,2059.615,2065.585,2059.263,2065.109,14549
2024-01-03 04:00:00,2065.061,2066.012,2060.846,2062.955,13500
2024-01-03 08:00:00,2062.895,2064.372,2046.651,2047.654,19436
2024-01-03 12:00:00,2047.685,2048.797,2031.719,2032.59,37290
2024-01-03 16:00:00,2032.639,2042.312,2030.575,2036.658,25848
2024-01-03 20:00:00,2036.617,2043.804,2036.442,2042.779,10390
2024-01-04 00:00:00,2042.965,2046.969,2040.081,2044.714,14917
2024-01-04 04:00:00,2044.719,2049.594,2042.384,2047.694,15630
2024-01-04 08:00:00,2047.74,2051.008,2044.866,2045.171,17475
2024-01-04 12:00:00,2045.173,2047.769,2036.216,2045.083,24984
2024-01-04 16:00:00,2045.121,2046.71,2040.863,2044.337,16868
2024-01-04 20:00:00,2044.32,2044.82,2042.594,2043.977,7378
2024-01-05 00:00:00,2044.224,2048.276,2043.272,2045.36,14646
2024-01-05 04:00:00,2045.316,2047.023,2040.899,2043.163,14208
2024-01-05 08:00:00,2043.182,2044.425,2037.054,2039.19,15714
2024-01-05 12:00:00,2039.173,2064.03,2024.464,2054.808,51586
2024-01-05 16:00:00,2054.866,2056.251,2040.425,2045.721,25830
2024-01-05 20:00:00,2045.743,2046.215,2042.827,2045.512,6671
2024-01-07 20:00:00,2044.672,2045.612,2042.949,2044.244,2619
2024-01-08 00:00:00,2044.249,2046.618,2035.052,2036.135,15302
2024-01-08 04:00:00,2036.155,2037.58,2026.981,2031.43,18536
2024-01-08 08:00:00,2031.431,2031.774,2016.664,2020.088,21094
2024-01-08 12:00:00,2020.043,2034.82,2018.391,2034.262,30114
2024-01-08 16:00:00,2034.293,2036.94,2026.318,2029.339,18871
2024-01-08 20:00:00,2029.352,2030.798,2026.119,2030.551,7592
2024-01-09 00:00:00,2030.522,2035.938,2030.522,2033.628,15856
2024-01-09 04:00:00,2033.639,2037.256,2030.333,2035.998,15905
2024-01-09 08:00:00,2036.048,2038.522,2031.283,2035.03,19089
2024-01-09 12:00:00,2035.061,2042.011,2028.747,2028.748,28391
2024-01-09 16:00:00,2028.696,2032.059,2026.053,2028.828,20193
2024-01-09 20:00:00,2028.847,2031.122,2028.078,2030.513,7356
2024-01-10 00:00:00,2030.516,2032.867,2027.271,2028.84,14563
2024-01-10 04:00:00,2028.836,2031.652,2023.802,2030.965,15955
2024-01-10 08:00:00,2030.962,2040.337,2030.205,2034.08,19494
2024-01-10 12:00:00,2034.086,2035.701,2024.811,2027.811,25219
2024-01-10 16:00:00,2027.867,2028.539,2020.391,2024.046,18784
2024-01-10 20:00:00,2024.109,2027.807,2021.879,2026.471,8629
2024-01-11 00:00:00,2026.526,2032.02,2026.525,2030.828,13603
2024-01-11 04:00:00,2030.827,2035.695,2030.818,2033.88,13412
2024-01-11 08:00:00,2033.929,2034.421,2030.157,2034.324,15587
2024-01-11 12:00:00,2034.358,2048.43,2024.895,2029.025,50047
2024-01-11 16:00:00,2028.991,2029.637,2013.246,2026.475,31441
2024-01-11 20:00:00,2026.525,2035.559,2023.478,2035.067,10653
2024-01-12 00:00:00,2035.125,2035.674,2030.063,2033.914,15607
2024-01-12 04:00:00,2033.883,2039.376,2032.842,2037.594,14650
2024-01-12 08:00:00,2037.589,2047.4,2036.946,2045.344,18692
2024-01-12 12:00:00,2045.377,2062.322,2044.38,2053.648,40211
2024-01-12 16:00:00,2053.68,2055.543,2041.434,2047.319,24664
2024-01-12 20:00:00,2047.368,2049.26,2046.045,2049.069,5738
2024-01-14 20:00:00,2048.168,2048.743,2046.332,2047.624,2674
2024-01-15 00:00:00,2047.69,2058.077,2045.789,2057.412,16754
2024-01-15 04:00:00,2057.407,2057.588,2052.911,2054.205,14852
2024-01-15 08:00:00,2054.257,2058.663,2051.479,2053.294,16006
2024-01-15 12:00:00,2053.349,2054.458,2049.189,2053.295,15546
2024-01-15 16:00:00,2053.269,2056.421,2053.185,2053.973,8074
2024-01-15 20:00:00,2054.866,2055.439,2053.244,2053.948,2211
2024-01-16 00:00:00,2054.035,2054.545,2048.382,2049.474,16106
2024-01-16 04:00:00,2049.475,2050.922,2047.388,2049.413,14558
2024-01-16 08:00:00,2049.382,2050.062,2038.177,2039.911,22361
2024-01-16 12:00:00,2039.863,2045.167,2031.282,2041.09,34079
2024-01-16 16:00:00,2041.139,2041.307,2024.224,2029.227,32354
2024-01-16 20:00:00,2029.257,2029.792,2025.707,2027.94,8049
2024-01-17 00:00:00,2028.138,2032.973,2023.432,2024.112,16115
2024-01-17 04:00:00,2024.108,2026.149,2017.58,2025.784,19720
2024-01-17 08:00:00,2025.734,2028.357,2019.041,2023.976,19112
2024-01-17 12:00:00,2023.931,2029.052,2006.114,2008.897,36262
2024-01-17 16:00:00,2008.852,2011.978,2001.801,2005.498,22170
2024-01-17 20:00:00,2005.548,2009.715,2004.749,2009.36,8262
2024-01-18 00:00:00,2009.377,2012.081,2006.473,2008.057,14922
2024-01-18 04:00:00,2008.044,2014.05,2005.755,2012.342,14646
2024-01-18 08:00:00,2012.305,2013.513,2008.103,2012.592,16407
2024-01-18 12:00:00,2012.615,2017.281,2007.406,2013.587,27648
2024-01-18 16:00:00,2013.589,2021.139,2013.055,2019.783,18810
2024-01-18 20:00:00,2019.777,2024.341,2019.777,2023.536,8125
2024-01-19 00:00:00,2023.831,2025.527,2021.894,2022.783,13507
2024-01-19 04:00:00,2022.78,2029.645,2020.345,2027.984,13509
2024-01-19 08:00:00,2027.944,2032.011,2026.21,2031.655,14925
2024-01-19 12:00:00,2031.693,2039.296,2023.175,2027.7,26215
2024-01-19 16:00:00,2027.674,2029.547,2023.216,2029.113,18165
2024-01-19 20:00:00,2029.093,2030.008,2027.724,2029.49,5344
2024-01-21 20:00:00,2028.567,2028.6,2026.881,2027.543,2807
2024-01-22 00:00:00,2027.527,2032.111,2025.419,2026.979,14149
2024-01-22 04:00:00,2026.976,2027.208,2019.097,2021.823,16945
2024-01-22 08:00:00,2021.795,2026.645,2020.445,2026.154,16883
2024-01-22 12:00:00,2026.103,2030.198,2016.459,2024.138,25609
2024-01-22 16:00:00,2024.179,2024.639,2019.064,2020.997,15301
2024-01-22 20:00:00,2021.011,2021.884,2019.149,2020.664,6627
2024-01-23 00:00:00,2020.747,2027.898,2019.596,2027.431,14077
2024-01-23 04:00:00,2027.426,2037.937,2026.684,2031.587,17891
2024-01-23 08:00:00,2031.59,2031.685,2022.398,2023.898,17507
2024-01-23 12:00:00,2023.905,2030.34,2021.393,2025.146,23408
2024-01-23 16:00:00,2025.202,2030.726,2022.601,2029.873,15684
2024-01-23 20:00:00,2029.855,2030.323,2027.2,2029.249,6985
2024-01-24 00:00:00,2029.308,2029.308,2023.741,2024.857,12997
2024-01-24 04:00:00,2024.856,2031.644,2022.799,2029.568,13926
2024-01-24 08:00:00,2029.599,2034.268,2028.22,2033.498,17135
2024-01-24 12:00:00,2033.447,2036.668,2014.863,2015.246,31919
2024-01-24 16:00:00,2015.284,2019.821,2011.176,2012.094,21044
2024-01-24 20:00:00,2012.126,2017.512,2011.82,2016.214,8187
2024-01-25 00:00:00,2016.284,2017.322,2014.477,2015.806,13613
2024-01-25 04:00:00,2015.804,2018.256,2013.589,2015.848,12290
2024-01-25 08:00:00,2015.801,2019.528,2012.64,2017.487,16027
2024-01-25 12:00:00,2017.488,2025.267,2009.504,2020.317,31533
2024-01-25 16:00:00,2020.323,2021.644,2012.446,2017.738,18206
2024-01-25 20:00:00,2017.771,2021.757,2016.906,2020.361,7192
2024-01-26 00:00:00,2020.469,2024.209,2019.359,2021.811,12251
2024-01-26 04:00:00,2021.755,2023.506,2019.809,2021.29,12082
2024-01-26 08:00:00,2021.286,2024.694,2018.22,2023.465,15705
2024-01-26 12:00:00,2023.423,2026.871,2016.073,2017.123,24735
2024-01-26 16:00:00,2017.057,2019.443,2015.905,2017.052,15128
2024-01-26 20:00:00,2017.028,2019.253,2016.485,2018.506,4573
2024-01-28 20:00:00,2023.461,2028.652,2021.224,2021.868,5029
2024-01-29 00:00:00,2021.87,2026.354,2019.319,2025.639,14134
2024-01-29 04:00:00,2025.631,2033.892,2024.695,2031.312,13072
2024-01-29 08:00:00,2031.28,2033.581,2025.465,2028.154,15285
2024-01-29 12:00:00,2028.175,2037.599,2020.529,2025.425,22257
2024-01-29 16:00:00,2025.382,2031.134,2024.027,2026.917,15460
2024-01-29 20:00:00,2026.953,2035.265,2026.953,2030.843,9823
2024-01-30 00:00:00,2031.0,2034.103,2029.811,2032.037,12894
2024-01-30 04:00:00,2032.041,2040.508,2031.191,2037.893,13277
2024-01-30 08:00:00,2037.854,2039.502,2031.035,2034.289,16206
2024-01-30 12:00:00,2034.262,2048.596,2029.066,2032.579,31815
2024-01-30 16:00:00,2032.643,2037.058,2031.453,2036.076,17561
2024-01-30 20:00:00,2036.04,2037.192,2035.271,2036.346,6862
2024-01-31 00:00:00,2036.437,2038.681,2032.848,2033.945,11477
2024-01-31 04:00:00,2033.893,2038.569,2033.235,2036.6,11149
2024-01-31 08:00:00,2036.601,2040.474,2036.114,2037.321,14227
2024-01-31 12:00:00,2037.326,2056.016,2036.027,2052.155,27780
2024-01-31 16:00:00,2052.169,2053.618,2039.566,2044.73,37139
2024-01-31 20:00:00,2044.699,2045.943,2030.846,2039.899,24534
2024-02-01 00:00:00,2039.934,2049.617,2039.138,2046.327,14942
2024-02-01 04:00:00,2046.373,2046.677,2041.154,2042.933,13707
2024-02-01 08:00:00,2042.848,2042.848,2029.95,2033.415,19928
2024-02-01 12:00:00,2033.419,2053.054,2030.072,2051.949,34407
2024-02-01 16:00:00,2051.896,2065.495,2051.294,2054.772,29593
2024-02-01 20:00:00,2054.823,2056.214,2053.449,2054.737,7948
2024-02-02 00:00:00,2054.743,2056.948,2051.927,2054.599,12892
2024-02-02 04:00:00,2054.601,2056.969,2054.1,2055.079,13199
2024-02-02 08:00:00,2055.061,2056.795,2052.706,2056.075,14563
2024-02-02 12:00:00,2056.103,2057.66,2027.779,2035.03,43855
2024-02-02 16:00:00,2034.981,2038.77,2033.09,2038.089,18852
2024-02-02 20:00:00,2038.144,2039.828,2036.006,2039.647,5711
2024-02-04 20:00:00,2041.819,2042.25,2039.099,2039.753,3247
2024-02-05 00:00:00,2039.336,2039.857,2030.278,2032.303,17690
2024-02-05 04:00:00,2032.249,2033.333,2026.776,2027.54,14936
2024-02-05 08:00:00,2027.593,2028.413,2020.621,2027.614,16287
2024-02-05 12:00:00,2027.618,2028.055,2014.856,2017.827,26397
2024-02-05 16:00:00,2017.784,2027.527,2017.776,2025.964,16486
2024-02-05 20:00:00,2025.935,2026.42,2023.55,2024.973,6663
2024-02-06 00:00:00,2024.922,2028.602,2023.451,2023.932,12414
2024-02-06 04:00:00,2023.933,2029.85,2023.568,2026.281,13472
2024-02-06 08:00:00,2026.297,2027.51,2022.84,2026.731,14655
2024-02-06 12:00:00,2026.685,2038.146,2024.485,2036.326,24364
2024-02-06 16:00:00,2036.275,2038.917,2032.103,2035.941,18519
2024-02-06 20:00:00,2036.002,2036.988,2034.414,2035.182,6520
2024-02-07 00:00:00,2035.287,2036.133,2034.063,2034.468,10977
2024-02-07 04:00:00,2034.411,2036.171,2032.445,2035.162,10926
2024-02-07 08:00:00,2035.218,2035.756,2031.255,2034.161,13883
2024-02-07 12:00:00,2034.151,2044.554,2030.556,2038.383,24898
2024-02-07 16:00:00,2038.341,2040.91,2033.984,2035.548,17003
2024-02-07 20:00:00,2035.502,2036.482,2033.725,2036.34,6350
2024-02-08 00:00:00,2036.497,2038.724,2031.761,2032.792,10999
2024-02-08 04:00:00,2032.794,2034.988,2031.098,2032.831,11732
2024-02-08 08:00:00,2032.833,2038.546,2027.807,2029.007,16649
2024-02-08 12:00:00,2029.02,2034.049,2020.164,2031.968,27929
2024-02-08 16:00:00,2032.011,2035.34,2027.699,2032.533,16731
2024-02-08 20:00:00,2032.529,2034.749,2032.529,2034.236,5646
2024-02-09 00:00:00,2034.184,2035.153,2031.972,2033.584,9831
2024-02-09 04:00:00,2033.612,2035.014,2032.152,2033.559,9407
2024-02-09 08:00:00,2033.558,2034.104,2030.529,2031.548,14522
2024-02-09 12:00:00,2031.554,2037.212,2021.821,2022.489,28382
2024-02-09 16:00:00,2022.498,2026.349,2020.27,2024.786,15493
2024-02-09 20:00:00,2024.777,2026.227,2023.842,2024.229,4741
2024-02-11 20:00:00,2026.383,2026.743,2024.43,2025.304,2173
2024-02-12 00:00:00,2025.453,2026.597,2021.85,2022.894,9213
2024-02-12 04:00:00,2022.917,2026.44,2022.54,2025.539,9001
2024-02-12 08:00:00,2025.486,2027.294,2019.954,2021.741,14114
2024-02-12 12:00:00,2021.728,2027.602,2012.068,2013.171,22510
2024-02-12 16:00:00,2013.238,2021.595,2011.884,2019.196,16646
2024-02-12 20:00:00,2019.136,2020.556,2018.433,2018.763,6013
2024-02-13 00:00:00,2018.714,2021.225,2016.845,2018.561,9630
2024-02-13 04:00:00,2018.517,2025.826,2018.362,2025.191,10415
2024-02-13 08:00:00,2025.241,2029.333,2024.453,2027.702,13565
2024-02-13 12:00:00,2027.75,2032.912,1990.002,1992.274,40092
2024-02-13 16:00:00,1992.317,1997.812,1991.224,1991.792,18083
2024-02-13 20:00:00,1991.752,1993.649,1990.468,1991.305,7198
2024-02-14 00:00:00,1991.444,1993.598,1988.833,1992.501,11675
2024-02-14 04:00:00,1992.496,1993.335,1989.314,1989.477,11233
2024-02-14 08:00:00,1989.537,1993.429,1985.969,1992.237,16828
2024-02-14 12:00:00,1992.27,1993.231,1984.159,1987.885,25765
2024-02-14 16:00:00,1987.932,1996.078,1987.425,1991.695,19440
2024-02-14 20:00:00,1991.705,1995.179,1989.595,1993.565,6678
2024-02-15 00:00:00,1993.554,1994.319,1990.208,1990.79,10519
2024-02-15 04:00:00,1990.793,1994.633,1990.446,1993.764,10255
2024-02-15 08:00:00,1993.718,1998.142,1993.467,1997.51,13940
2024-02-15 12:00:00,1997.487,2008.262,1995.703,2000.842,29969
2024-02-15 16:00:00,2000.783,2006.443,1998.393,2005.047,17135
2024-02-15 20:00:00,2005.028,2005.098,2003.262,2003.268,6063
2024-02-16 00:00:00,2003.208,2005.654,2002.378,2004.304,10146
2024-02-16 04:00:00,2004.301,2006.473,2002.76,2005.187,10694
2024-02-16 08:00:00,2005.225,2007.813,2003.905,2007.276,13294
2024-02-16 12:00:00,2007.287,2011.039,1995.096,2007.929,32071
2024-02-16 16:00:00,2007.96,2015.162,2007.167,2012.616,18022
2024-02-16 20:00:00,2012.635,2014.025,2011.244,2013.307,5327
2024-02-18 20:00:00,2012.762,2019.156,1998.05,2010.694,4248
2024-02-19 00:00:00,2012.883,2022.898,2009.274,2019.882,14619
2024-02-19 04:00:00,2019.925,2022.994,2018.239,2020.916,11740
2024-02-19 08:00:00,2020.941,2021.262,2018.236,2018.402,13929
2024-02-19 12:00:00,2018.45,2019.367,2014.721,2014.924,14576
2024-02-19 16:00:00,2014.912,2018.535,2013.264,2017.916,6804
2024-02-19 20:00:00,2017.413,2017.536,2015.625,2016.319,1688
2024-02-20 00:00:00,2016.188,2019.167,2014.994,2018.308,11415
2024-02-20 04:00:00,2018.323,2022.899,2017.762,2021.479,10685
2024-02-20 08:00:00,2021.432,2027.597,2020.773,2026.904,16217
2024-02-20 12:00:00,2026.905,2030.851,2025.472,2027.416,21441
2024-02-20 16:00:00,2027.394,2028.927,2024.747,2025.143,14355
2024-02-20 20:00:00,2025.188,2025.23,2023.555,2024.24,6276
2024-02-21 00:00:00,2024.22,2030.87,2022.904,2030.461,11166
2024-02-21 04:00:00,2030.462,2032.264,2028.393,2028.829,11454
2024-02-21 08:00:00,2028.817,2030.121,2025.952,2028.28,13758
2024-02-21 12:00:00,2028.283,2031.555,2024.079,2024.187,19543
2024-02-21 16:00:00,2024.225,2026.504,2020.044,2025.966,18717
2024-02-21 20:00:00,2025.976,2027.001,2023.946,2025.678,7879
2024-02-22 00:00:00,2025.751,2028.567,2025.055,2026.328,11290
2024-02-22 04:00:00,2026.335,2032.044,2025.519,2031.433,11395
2024-02-22 08:00:00,2031.432,2034.871,2027.286,2028.975,16442
2024-02-22 12:00:00,2028.967,2029.885,2020.24,2023.342,26977
2024-02-22 16:00:00,2023.35,2024.681,2019.584,2023.021,16099
2024-02-22 20:00:00,2023.046,2025.913,2022.538,2024.793,6781
2024-02-23 00:00:00,2024.803,2027.375,2022.772,2025.726,11221
2024-02-23 04:00:00,2025.724,2026.466,2018.183,2021.839,11089
2024-02-23 08:00:00,2021.84,2023.971,2016.018,2023.83,15984
2024-02-23 12:00:00,2023.842,2031.165,2023.046,2030.076,22658
2024-02-23 16:00:00,2030.126,2041.385,2030.126,2037.34,18736
2024-02-23 20:00:00,2037.338,2037.51,2035.13,2035.561,5179
2024-02-25 20:00:00,2033.277,2034.976,2033.216,2034.261,2095
2024-02-26 00:00:00,2034.034,2034.143,2029.929,2032.479,11856
2024-02-26 04:00:00,2032.477,2035.342,2031.85,2035.047,11007
2024-02-26 08:00:00,2034.998,2037.052,2030.843,2030.929,15968
2024-02-26 12:00:00,2030.977,2034.444,2025.037,2029.143,19684
2024-02-26 16:00:00,2029.082,2030.174,2026.514,2029.713,15283
2024-02-26 20:00:00,2029.679,2033.699,2029.679,2031.186,6260
2024-02-27 00:00:00,2031.099,2034.591,2031.067,2033.409,9821
2024-02-27 04:00:00,2033.402,2036.217,2032.813,2035.423,10220
2024-02-27 08:00:00,2035.418,2039.509,2034.611,2038.21,14821
2024-02-27 12:00:00,2038.22,2039.147,2032.997,2033.784,20302
2024-02-27 16:00:00,2033.832,2036.063,2029.393,2030.249,15774
2024-02-27 20:00:00,2030.25,2030.843,2028.725,2030.202,5739
2024-02-28 00:00:00,2030.14,2033.731,2029.138,2030.973,11075
2024-02-28 04:00:00,2030.974,2032.059,2027.852,2028.159,10487
2024-02-28 08:00:00,2028.204,2029.276,2024.505,2027.292,14925
2024-02-28 12:00:00,2027.24,2037.934,2026.893,2031.825,20513
2024-02-28 16:00:00,2031.796,2035.562,2030.87,2032.126,14574
2024-02-28 20:00:00,2032.177,2035.527,2032.09,2034.416,6030
2024-02-29 00:00:00,2034.685,2037.072,2033.974,2036.579,10563
2024-02-29 04:00:00,2036.579,2037.877,2034.409,2037.271,10358
2024-02-29 08:00:00,2037.21,2037.481,2028.867,2030.278,15217
2024-02-29 12:00:00,2030.287,2050.694,2028.098,2048.105,29002
2024-02-29 16:00:00,2048.136,2048.383,2043.309,2044.458,17007
2024-02-29 20:00:00,2044.51,2045.456,2042.838,2044.093,6479
2024-03-01 00:00:00,2044.265,2046.827,2042.806,2046.556,9887
2024-03-01 04:00:00,2046.555,2048.797,2043.442,2045.433,10528
2024-03-01 08:00:00,2045.497,2057.519,2039.077,2055.362,18479
2024-03-01 12:00:00,2055.362,2070.966,2045.616,2069.219,30292
2024-03-01 16:00:00,2069.248,2088.347,2069.248,2085.29,23977
2024-03-01 20:00:00,2085.261,2085.381,2082.881,2083.353,5539
2024-03-03 20:00:00,2082.559,2086.192,2082.559,2083.477,2895
2024-03-04 00:00:00,2083.631,2084.384,2079.456,2081.403,12527
2024-03-04 04:00:00,2081.405,2088.288,2080.281,2087.371,11112
2024-03-04 08:00:00,2087.412,2087.475,2081.833,2082.149,15712
2024-03-04 12:00:00,2082.143,2109.399,2081.14,2108.971,27263
2024-03-04 16:00:00,2108.915,2119.922,2107.629,2116.278,26176
2024-03-04 20:00:00,2116.286,2118.558,2113.512,2114.592,7072
2024-03-05 00:00:00,2114.575,2116.879,2110.438,2113.0,13126
2024-03-05 04:00:00,2113.021,2119.668,2112.64,2114.486,13664
2024-03-05 08:00:00,2114.532,2127.362,2114.494,2124.469,19266
2024-03-05 12:00:00,2124.473,2141.918,2121.125,2126.613,48622
2024-03-05 16:00:00,2126.67,2134.748,2123.675,2129.563,22179
2024-03-05 20:00:00,2129.524,2131.0,2126.768,2128.273,7762
2024-03-06 00:00:00,2128.019,2128.142,2123.644,2124.734,12110
2024-03-06 04:00:00,2124.753,2131.504,2124.753,2128.513,11838
2024-03-06 08:00:00,2128.467,2132.645,2124.336,2132.512,16807
2024-03-06 12:00:00,2132.557,2149.232,2130.986,2140.96,40437
2024-03-06 16:00:00,2140.928,2152.272,2139.423,2144.349,29554
2024-03-06 20:00:00,2144.295,2151.039,2143.152,2147.342,8783
2024-03-07 00:00:00,2147.001,2152.532,2144.222,2151.746,16988
2024-03-07 04:00:00,2151.756,2161.644,2151.566,2155.988,22760
2024-03-07 08:00:00,2156.041,2159.88,2153.292,2155.979,19144
2024-03-07 12:00:00,2155.987,2164.809,2147.904,2153.739,36585
2024-03-07 16:00:00,2153.731,2160.941,2149.261,2159.983,20727
2024-03-07 20:00:00,2159.947,2161.59,2157.983,2161.59,7312
2024-03-08 00:00:00,2161.882,2163.574,2153.982,2157.615,13446
2024-03-08 04:00:00,2157.614,2162.07,2156.356,2161.383,13577
2024-03-08 08:00:00,2161.335,2171.152,2161.093,2168.259,19427
2024-03-08 12:00:00,2168.262,2185.443,2156.395,2177.204,49037
2024-03-08 16:00:00,2177.244,2195.152,2168.315,2176.473,35267
2024-03-08 20:00:00,2176.503,2179.085,2175.686,2178.54,6042
2024-03-10 20:00:00,2179.615,2183.864,2177.15,2182.263,5656
2024-03-11 00:00:00,2181.628,2189.047,2176.895,2179.498,17351
2024-03-11 04:00:00,2179.506,2182.773,2176.836,2182.231,14195
2024-03-11 08:00:00,2182.278,2183.116,2175.848,2178.925,17830
2024-03-11 12:00:00,2178.961,2185.69,2174.689,2184.327,29272
2024-03-11 16:00:00,2184.278,2184.689,2177.125,2181.329,17763
2024-03-11 20:00:00,2181.364,2184.756,2180.672,2183.589,6406
2024-03-12 00:00:00,2183.589,2184.518,2176.801,2177.506,13157
2024-03-12 04:00:00,2177.51,2179.19,2173.579,2176.961,14270
2024-03-12 08:00:00,2176.92,2179.092,2170.6,2171.994,16813
2024-03-12 12:00:00,2171.972,2182.052,2152.61,2163.052,58734
2024-03-12 16:00:00,2163.048,2166.534,2150.521,2157.352,19964
2024-03-12 20:00:00,2157.336,2161.315,2155.79,2156.951,7842
2024-03-13 00:00:00,2156.944,2161.541,2156.572,2159.094,13516
2024-03-13 04:00:00,2159.093,2161.523,2157.259,2159.685,13418
2024-03-13 08:00:00,2159.727,2164.215,2157.541,2163.959,16501
2024-03-13 12:00:00,2164.003,2174.594,2161.404,2171.746,32177
2024-03-13 16:00:00,2171.701,2179.841,2169.569,2172.585,20630
2024-03-13 20:00:00,2172.534,2176.214,2172.308,2175.4,5884
2024-03-14 00:00:00,2175.485,2177.006,2171.129,2172.302,12984
2024-03-14 04:00:00,2172.291,2172.551,2167.446,2168.673,13262
2024-03-14 08:00:00,2168.617,2171.976,2167.135,2168.493,15537
2024-03-14 12:00:00,2168.533,2170.403,2152.733,2157.223,41379
2024-03-14 16:00:00,2157.178,2165.036,2156.667,2163.486,17582
2024-03-14 20:00:00,2163.557,2163.898,2160.862,2161.657,4916
2024-03-15 00:00:00,2161.735,2165.934,2160.627,2164.568,12467
2024-03-15 04:00:00,2164.57,2170.133,2163.509,2167.051,14653
2024-03-15 08:00:00,2167.096,2172.78,2165.298,2166.948,17319
2024-03-15 12:00:00,2166.931,2167.333,2156.492,2160.03,31732
2024-03-15 16:00:00,2159.979,2163.487,2155.132,2156.954,17314
2024-03-15 20:00:00,2156.986,2158.294,2155.433,2155.735,1936
2024-03-17 20:00:00,2153.317,2156.572,2153.116,2156.552,5024
2024-03-18 00:00:00,2156.51,2157.516,2146.112,2146.805,15669
2024-03-18 04:00:00,2146.806,2152.2,2146.104,2152.2,13110
2024-03-18 08:00:00,2152.139,2161.274,2150.161,2161.011,17931
2024-03-18 12:00:00,2161.056,2163.65,2155.503,2158.348,25380
2024-03-18 16:00:00,2158.377,2161.172,2154.602,2160.191,16122
2024-03-18 20:00:00,2160.236,2162.434,2159.424,2161.688,4980
2024-03-19 00:00:00,2162.091,2162.877,2158.624,2161.453,13889
2024-03-19 04:00:00,2161.478,2162.102,2154.01,2155.811,16067
2024-03-19 08:00:00,2155.858,2156.697,2147.185,2155.573,20712
2024-03-19 12:00:00,2155.523,2158.715,2148.401,2154.257,26134
2024-03-19 16:00:00,2154.291,2157.949,2153.132,2157.719,15431
2024-03-19 20:00:00,2157.766,2159.632,2157.017,2157.047,4790
2024-03-20 00:00:00,2157.089,2160.042,2155.217,2159.844,11040
2024-03-20 04:00:00,2159.894,2160.216,2156.362,2158.264,12430
2024-03-20 08:00:00,2158.211,2158.385,2152.301,2154.015,15584
2024-03-20 12:00:00,2154.061,2164.887,2149.599,2155.89,25603
2024-03-20 16:00:00,2155.899,2188.825,2155.493,2182.871,53058
2024-03-20 20:00:00,2182.817,2211.275,2182.817,2203.557,12548
2024-03-21 00:00:00,2204.007,2212.619,2192.432,2202.763,24756
2024-03-21 04:00:00,2202.791,2210.202,2201.813,2206.613,17630
2024-03-21 08:00:00,2206.542,2211.793,2196.842,2207.469,25006
2024-03-21 12:00:00,2207.512,2208.857,2166.316,2174.717,48919
2024-03-21 16:00:00,2174.741,2183.984,2172.987,2181.46,20420
2024-03-21 20:00:00,2181.518,2182.469,2180.528,2181.528,5396
2024-03-22 00:00:00,2181.714,2186.08,2171.836,2173.775,19756
2024-03-22 04:00:00,2173.771,2176.321,2162.622,2168.44,18432
2024-03-22 08:00:00,2168.438,2170.105,2164.908,2166.054,19643
2024-03-22 12:00:00,2166.096,2180.095,2165.442,2166.133,31536
2024-03-22 16:00:00,2166.096,2167.503,2157.044,2164.022,19688
2024-03-22 20:00:00,2164.058,2167.221,2163.604,2165.385,2835
2024-03-24 20:00:00,2166.351,2168.931,2165.126,2168.37,5566
2024-03-25 00:00:00,2168.349,2178.39,2163.937,2170.639,22273
2024-03-25 04:00:00,2170.646,2171.671,2163.45,2165.851,16136
2024-03-25 08:00:00,2165.805,2171.879,2163.852,2170.435,18397
2024-03-25 12:00:00,2170.474,2181.293,2170.303,2175.445,25206
2024-03-25 16:00:00,2175.411,2177.833,2170.698,2170.983,14854
2024-03-25 20:00:00,2171.03,2173.401,2170.777,2172.919,6035
2024-03-26 00:00:00,2172.922,2174.444,2167.582,2170.382,15107
2024-03-26 04:00:00,2170.392,2174.212,2169.621,2173.046,13298
2024-03-26 08:00:00,2173.028,2200.096,2171.6,2196.46,24649
2024-03-26 12:00:00,2196.495,2197.364,2171.71,2174.282,33975
2024-03-26 16:00:00,2174.331,2179.259,2174.286,2177.913,16503
2024-03-26 20:00:00,2177.956,2179.982,2174.642,2179.504,5841
2024-03-27 00:00:00,2179.5,2181.749,2173.161,2177.76,16131
2024-03-27 04:00:00,2177.742,2180.826,2175.68,2180.525,13633
2024-03-27 08:00:00,2180.564,2197.623,2176.472,2188.424,24357
2024-03-27 12:00:00,2188.478,2195.281,2183.451,2190.54,30252
2024-03-27 16:00:00,2190.514,2194.252,2189.034,2193.316,16191
2024-03-27 20:00:00,2193.369,2195.245,2189.764,2191.006,7286
2024-03-28 00:00:00,2190.76,2196.476,2187.357,2194.809,16053
2024-03-28 04:00:00,2194.79,2200.692,2192.655,2193.755,15339
2024-03-28 08:00:00,2193.775,2213.802,2190.865,2210.316,25285
2024-03-28 12:00:00,2210.314,2217.186,2202.208,2215.914,41332
2024-03-28 16:00:00,2215.928,2225.632,2213.495,2221.696,21472
2024-03-28 20:00:00,2221.689,2236.35,2219.639,2232.642,4234
2024-03-31 20:00:00,2239.84,2247.357,2235.625,2244.983,10521
2024-04-01 00:00:00,2246.013,2265.206,2243.879,2264.366,22543
2024-04-01 04:00:00,2264.416,2265.68,2256.896,2257.572,15244
2024-04-01 08:00:00,2257.6,2260.212,2245.614,2246.857,18927
2024-04-01 12:00:00,2246.902,2257.949,2228.494,2239.673,45424
2024-04-01 16:00:00,2239.693,2244.759,2234.707,2244.705,17364
2024-04-01 20:00:00,2244.651,2255.829,2243.027,2248.979,9677
2024-04-02 00:00:00,2249.005,2255.304,2246.674,2251.568,19749
2024-04-02 04:00:00,2251.571,2259.894,2250.485,2256.41,18741
2024-04-02 08:00:00,2256.364,2266.818,2255.116,2260.604,24679
2024-04-02 12:00:00,2260.691,2277.02,2250.785,2258.641,53194
2024-04-02 16:00:00,2258.694,2279.341,2254.108,2277.392,23858
2024-04-02 20:00:00,2277.433,2288.349,2275.685,2280.243,11185
2024-04-03 00:00:00,2279.923,2287.982,2276.771,2285.044,22412
2024-04-03 04:00:00,2285.061,2287.062,2270.363,2271.225,20282
2024-04-03 08:00:00,2271.212,2276.128,2267.664,2273.823,23110
2024-04-03 12:00:00,2273.775,2288.389,2265.405,2286.336,51259
2024-04-03 16:00:00,2286.332,2298.904,2280.709,2297.41,26973
2024-04-03 20:00:00,2297.441,2302.529,2296.283,2297.483,9605
2024-04-04 00:00:00,2297.535,2304.906,2297.265,2299.212,18227
2024-04-04 04:00:00,2299.161,2300.704,2291.871,2292.991,16797
2024-04-04 08:00:00,2292.976,2295.218,2288.788,2289.298,19050
2024-04-04 12:00:00,2289.348,2299.393,2282.746,2292.118,39834
2024-04-04 16:00:00,2292.064,2305.575,2279.855,2284.926,40261
2024-04-04 20:00:00,2284.886,2293.325,2284.792,2288.927,9345
2024-04-05 00:00:00,2288.739,2290.313,2267.788,2276.769,28333
2024-04-05 04:00:00,2276.726,2290.585,2276.581,2289.083,21553
2024-04-05 08:00:00,2289.052,2296.18,2284.889,2291.169,20801
2024-04-05 12:00:00,2291.137,2328.485,2280.257,2326.212,75304
2024-04-05 16:00:00,2326.228,2330.563,2320.671,2323.159,24081
2024-04-05 20:00:00,2323.195,2330.034,2322.85,2329.393,3490
2024-04-07 20:00:00,2327.353,2328.606,2304.056,2311.684,19532
2024-04-08 00:00:00,2311.335,2354.196,2302.899,2345.525,63122
2024-04-08 04:00:00,2345.572,2345.611,2331.79,2337.747,35409
2024-04-08 08:00:00,2337.665,2343.569,2333.296,2337.379,30481
2024-04-08 12:00:00,2337.323,2338.041,2318.705,2327.872,70213
2024-04-08 16:00:00,2327.92,2342.037,2326.066,2338.381,25054
2024-04-08 20:00:00,2338.434,2340.486,2336.708,2338.827,7323
2024-04-09 00:00:00,2338.82,2348.54,2337.815,2343.98,26606
2024-04-09 04:00:00,2344.018,2357.044,2343.086,2353.998,23056
2024-04-09 08:00:00,2354.047,2365.376,2349.603,2354.483,29147
2024-04-09 12:00:00,2354.451,2364.319,2338.273,2340.326,71099
2024-04-09 16:00:00,2340.366,2351.564,2340.053,2351.155,26768
2024-04-09 20:00:00,2351.109,2355.312,2350.411,2354.815,7903
2024-04-10 00:00:00,2354.831,2355.607,2344.726,2351.286,21355
2024-04-10 04:00:00,2351.239,2360.124,2350.869,2353.109,21309
2024-04-10 08:00:00,2353.158,2355.901,2344.776,2347.066,22737
2024-04-10 12:00:00,2347.011,2352.386,2319.275,2336.94,109558
2024-04-10 16:00:00,2336.892,2345.264,2325.779,2329.584,44799
2024-04-10 20:00:00,2329.553,2337.24,2329.545,2335.466,8654
2024-04-11 00:00:00,2335.526,2346.976,2333.361,2344.005,22385
2024-04-11 04:00:00,2343.948,2346.126,2333.918,2336.433,25350
2024-04-11 08:00:00,2336.474,2339.715,2325.63,2337.291,27335
2024-04-11 12:00:00,2337.306,2347.468,2331.662,2344.705,59612
2024-04-11 16:00:00,2344.751,2374.661,2342.698,2372.782,31899
2024-04-11 20:00:00,2372.857,2379.486,2371.331,2377.039,12298
2024-04-12 00:00:00,2376.825,2395.495,2374.617,2384.277,42232
2024-04-12 04:00:00,2384.285,2400.385,2382.739,2399.951,28371
2024-04-12 08:00:00,2399.992,2400.677,2390.454,2395.399,28664
2024-04-12 12:00:00,2395.402,2431.565,2382.18,2395.594,112504
2024-04-12 16:00:00,2395.554,2395.554,2333.821,2343.413,89607
2024-04-12 20:00:00,2343.45,2345.207,2341.729,2344.419,4246
2024-04-14 20:00:00,2369.142,2371.957,2346.895,2364.599,11666
2024-04-15 00:00:00,2364.703,2366.04,2348.432,2358.549,46779
2024-04-15 04:00:00,2358.481,2362.505,2349.99,2353.088,31765
2024-04-15 08:00:00,2353.076,2361.221,2344.748,2357.984,30843
2024-04-15 12:00:00,2358.023,2361.176,2324.151,2351.723,82103
2024-04-15 16:00:00,2351.744,2387.673,2346.155,2386.353,47257
2024-04-15 20:00:00,2386.407,2392.126,2380.075,2381.87,12085
2024-04-16 00:00:00,2381.933,2389.366,2379.253,2387.908,30717
2024-04-16 04:00:00,2387.94,2389.058,2363.001,2365.69,33191
2024-04-16 08:00:00,2365.535,2375.407,2365.139,2373.993,27482
2024-04-16 12:00:00,2373.993,2393.05,2363.507,2386.018,78493
2024-04-16 16:00:00,2386.083,2398.289,2379.754,2389.678,56416
2024-04-16 20:00:00,2389.731,2390.317,2378.405,2382.88,11414
2024-04-17 00:00:00,2382.741,2386.29,2380.71,2381.689,23598
2024-04-17 04:00:00,2381.691,2383.275,2372.681,2382.531,24125
2024-04-17 08:00:00,2382.498,2394.324,2382.498,2387.332,26675
2024-04-17 12:00:00,2387.402,2395.623,2378.384,2382.211,56087
2024-04-17 16:00:00,2382.256,2384.485,2361.039,2372.694,52775
2024-04-17 20:00:00,2372.641,2373.34,2354.584,2367.875,11962
2024-04-18 00:00:00,2367.875,2375.374,2364.084,2374.793,23213
2024-04-18 04:00:00,2374.784,2381.085,2373.173,2377.846,21201
2024-04-18 08:00:00,2377.878,2385.39,2377.264,2380.955,21865
2024-04-18 12:00:00,2381.008,2392.837,2369.515,2384.144,67248
2024-04-18 16:00:00,2384.151,2389.367,2378.094,2380.267,27686
2024-04-18 20:00:00,2380.303,2381.509,2376.893,2380.041,6976
2024-04-19 00:00:00,2379.905,2417.942,2373.745,2391.385,90935
2024-04-19 04:00:00,2391.386,2393.916,2378.638,2385.463,41652
2024-04-19 08:00:00,2385.411,2386.337,2372.799,2376.857,34798
2024-04-19 12:00:00,2376.891,2396.045,2373.111,2394.791,55189
2024-04-19 16:00:00,2394.791,2402.008,2386.627,2387.645,29564
2024-04-19 20:00:00,2387.689,2391.288,2386.669,2390.714,3700
2024-04-21 20:00:00,2384.048,2388.633,2381.916,2386.521,9812
2024-04-22 00:00:00,2386.543,2386.543,2361.71,2369.362,30971
2024-04-22 04:00:00,2369.422,2372.94,2351.36,2361.02,34879
2024-04-22 08:00:00,2360.996,2363.682,2339.402,2342.092,29523
2024-04-22 12:00:00,2342.078,2350.42,2331.068,2334.834,60687
2024-04-22 16:00:00,2334.826,2336.493,2324.534,2329.369,23880
2024-04-22 20:00:00,2329.328,2333.966,2325.357,2333.775,9237
2024-04-23 00:00:00,2333.749,2334.415,2295.537,2302.645,53689
2024-04-23 04:00:00,2302.617,2314.784,2298.879,2309.089,33100
2024-04-23 08:00:00,2309.129,2309.803,2291.358,2302.173,31926
2024-04-23 12:00:00,2302.182,2332.2,2301.31,2323.234,68289
2024-04-23 16:00:00,2323.262,2331.388,2321.234,2322.344,24613
2024-04-23 20:00:00,2322.389,2324.373,2321.21,2323.248,6944
2024-04-24 00:00:00,2323.264,2328.187,2315.784,2327.879,23235
2024-04-24 04:00:00,2327.904,2331.355,2320.713,2320.738,22737
2024-04-24 08:00:00,2320.694,2321.948,2311.736,2316.205,22398
2024-04-24 12:00:00,2316.256,2337.328,2312.096,2322.63,53613
2024-04-24 16:00:00,2322.594,2330.515,2317.828,2319.112,24387
2024-04-24 20:00:00,2319.142,2319.685,2313.67,2316.257,8854
2024-04-25 00:00:00,2316.261,2322.079,2304.871,2313.214,21816
2024-04-25 04:00:00,2313.263,2326.149,2312.401,2325.659,19919
2024-04-25 08:00:00,2325.686,2330.656,2324.127,2328.543,18529
2024-04-25 12:00:00,2328.539,2344.909,2312.725,2330.511,83149
2024-04-25 16:00:00,2330.542,2336.452,2322.999,2332.924,23654
2024-04-25 20:00:00,2332.966,2333.776,2330.058,2330.658,7220
2024-04-26 00:00:00,2330.655,2336.233,2326.25,2334.672,18076
2024-04-26 04:00:00,2334.671,2347.357,2333.462,2345.542,21521
2024-04-26 08:00:00,2345.547,2352.593,2343.438,2344.942,24580
2024-04-26 12:00:00,2344.915,2351.632,2328.709,2336.669,54309
2024-04-26 16:00:00,2336.725,2341.447,2332.635,2339.933,19906
2024-04-26 20:00:00,2339.984,2340.15,2336.358,2337.829,3464
2024-04-28 20:00:00,2333.922,2336.863,2332.513,2336.024,6410
2024-04-29 00:00:00,2335.974,2336.368,2319.773,2328.471,27087
2024-04-29 04:00:00,2328.481,2337.943,2327.394,2337.355,32689
2024-04-29 08:00:00,2337.283,2344.382,2335.415,2337.097,20648
2024-04-29 12:00:00,2337.06,2339.541,2325.611,2337.82,36398
2024-04-29 16:00:00,2337.836,2346.756,2333.014,2335.665,29541
2024-04-29 20:00:00,2335.714,2337.147,2332.672,2333.21,7169
2024-04-30 00:00:00,2333.216,2336.15,2326.858,2329.227,20069
2024-04-30 04:00:00,2329.265,2329.529,2315.317,2317.564,21424
2024-04-30 08:00:00,2317.556,2318.495,2309.487,2312.739,20990
2024-04-30 12:00:00,2312.695,2313.401,2293.13,2295.871,57684
2024-04-30 16:00:00,2295.836,2299.346,2289.345,2290.826,25744
2024-04-30 20:00:00,2290.776,2293.505,2285.004,2291.282,10634
2024-05-01 00:00:00,2291.293,2292.906,2282.986,2284.085,15910
2024-05-01 04:00:00,2284.047,2289.782,2281.595,2285.823,15930
2024-05-01 08:00:00,2285.772,2297.13,2283.837,2294.573,18960
2024-05-01 12:00:00,2294.523,2310.496,2294.13,2307.297,45158
2024-05-01 16:00:00,2307.327,2328.322,2295.863,2309.761,65118
2024-05-01 20:00:00,2309.794,2324.87,2307.034,2323.847,17252
2024-05-02 00:00:00,2323.885,2326.53,2317.318,2319.529,18003
2024-05-02 04:00:00,2319.532,2321.023,2308.177,2309.299,21161
2024-05-02 08:00:00,2309.33,2311.085,2295.178,2299.047,23948
2024-05-02 12:00:00,2298.995,2306.925,2285.46,2299.977,54229
2024-05-02 16:00:00,2299.976,2309.512,2297.969,2302.957,22921
2024-05-02 20:00:00,2302.914,2305.608,2300.611,2304.284,7668
2024-05-03 00:00:00,2304.28,2306.426,2299.905,2302.441,16189
2024-05-03 04:00:00,2302.513,2308.819,2297.749,2299.253,18710
2024-05-03 08:00:00,2299.208,2303.222,2296.276,2298.318,18946
2024-05-03 12:00:00,2298.318,2320.787,2277.126,2293.765,92653
2024-05-03 16:00:00,2293.812,2303.127,2292.844,2301.402,21827
2024-05-03 20:00:00,2301.386,2303.451,2300.666,2301.664,3126
2024-05-05 20:00:00,2302.359,2303.326,2293.297,2294.005,7234
2024-05-06 00:00:00,2293.967,2315.432,2291.806,2309.36,30782
2024-05-06 04:00:00,2309.404,2324.179,2308.168,2322.683,22094
2024-05-06 08:00:00,2322.68,2323.119,2315.626,2318.231,20192
2024-05-06 12:00:00,2318.172,2332.129,2314.583,2324.814,43747
2024-05-06 16:00:00,2324.769,2327.499,2317.645,2325.068,23341
2024-05-06 20:00:00,2325.029,2328.859,2322.223,2325.981,8740
2024-05-07 00:00:00,2325.987,2329.964,2319.64,2324.895,20501
2024-05-07 04:00:00,2324.917,2325.115,2317.719,2319.289,19053
2024-05-07 08:00:00,2319.266,2319.878,2311.678,2312.386,19470
2024-05-07 12:00:00,2312.37,2323.742,2309.932,2314.741,34419
2024-05-07 16:00:00,2314.793,2317.5,2311.071,2314.656,17710
2024-05-07 20:00:00,2314.671,2316.625,2312.76,2315.249,5997
2024-05-08 00:00:00,2315.291,2318.227,2306.823,2317.039,20540
2024-05-08 04:00:00,2317.037,2321.373,2305.332,2305.694,18692
2024-05-08 08:00:00,2305.661,2318.122,2303.622,2314.707,22481
2024-05-08 12:00:00,2314.684,2320.429,2306.748,2320.429,39238
2024-05-08 16:00:00,2320.459,2321.133,2307.898,2308.211,17077
2024-05-08 20:00:00,2308.268,2310.8,2307.843,2308.771,6577
2024-05-09 00:00:00,2308.811,2313.033,2307.801,2312.311,15615
2024-05-09 04:00:00,2312.31,2319.772,2307.443,2309.352,19240
2024-05-09 08:00:00,2309.299,2316.68,2306.517,2315.956,18772
2024-05-09 12:00:00,2315.952,2338.968,2312.102,2330.438,50197
2024-05-09 16:00:00,2330.468,2344.035,2329.164,2343.788,19687
2024-05-09 20:00:00,2343.734,2348.363,2343.158,2346.562,8867
2024-05-10 00:00:00,2346.595,2355.852,2345.962,2353.362,23549
2024-05-10 04:00:00,2353.413,2370.419,2351.209,2366.738,24417
2024-05-10 08:00:00,2366.771,2378.513,2365.871,2372.164,24072
2024-05-10 12:00:00,2372.169,2375.803,2356.603,2364.842,51154
2024-05-10 16:00:00,2364.817,2370.998,2361.685,2363.348,20611
2024-05-10 20:00:00,2363.406,2365.085,2359.734,2360.487,2975
2024-05-12 20:00:00,2361.439,2363.124,2359.753,2360.444,5293
2024-05-13 00:00:00,2360.485,2364.525,2354.815,2357.109,19766
2024-05-13 04:00:00,2357.049,2357.081,2346.463,2348.608,18957
2024-05-13 08:00:00,2348.559,2350.381,2338.402,2344.585,23247
2024-05-13 12:00:00,2344.507,2349.814,2332.103,2335.904,43336
2024-05-13 16:00:00,2335.921,2338.528,2334.461,2337.371,18194
2024-05-13 20:00:00,2337.413,2339.34,2335.259,2338.446,5572
2024-05-14 00:00:00,2338.427,2344.459,2334.771,2343.096,17431
2024-05-14 04:00:00,2343.114,2345.961,2336.118,2339.189,18590
2024-05-14 08:00:00,2339.149,2348.242,2337.766,2343.625,19771
2024-05-14 12:00:00,2343.653,2357.126,2336.555,2347.962,49385
2024-05-14 16:00:00,2347.919,2359.631,2346.328,2356.523,20567
2024-05-14 20:00:00,2356.558,2358.42,2355.085,2355.811,6082
2024-05-15 00:00:00,2355.807,2361.026,2354.878,2360.311,16574
2024-05-15 04:00:00,2360.334,2365.237,2355.724,2362.449,18747
2024-05-15 08:00:00,2362.472,2374.351,2362.044,2362.78,21503
2024-05-15 12:00:00,2362.781,2385.753,2351.784,2377.588,67977
2024-05-15 16:00:00,2377.629,2390.333,2377.104,2386.351,24874
2024-05-15 20:00:00,2386.32,2391.948,2385.498,2391.807,9357
2024-05-16 00:00:00,2391.801,2397.381,2386.579,2388.675,25851
2024-05-16 04:00:00,2388.721,2394.539,2384.634,2389.374,21276
2024-05-16 08:00:00,2389.351,2391.382,2380.873,2384.661,20321
2024-05-16 12:00:00,2384.704,2386.366,2370.923,2381.548,47048
2024-05-16 16:00:00,2381.602,2383.779,2377.742,2378.147,18777
2024-05-16 20:00:00,2378.188,2379.698,2375.878,2377.763,6394
2024-05-17 00:00:00,2377.76,2381.261,2373.971,2377.842,17260
2024-05-17 04:00:00,2377.905,2387.804,2376.603,2383.851,18627
2024-05-17 08:00:00,2383.909,2390.178,2381.334,2389.72,18847
2024-05-17 12:00:00,2389.682,2419.211,2386.836,2407.745,51961
2024-05-17 16:00:00,2407.777,2419.217,2405.772,2416.44,25655
2024-05-17 20:00:00,2416.489,2422.778,2413.458,2413.977,5393
2024-05-19 20:00:00,2425.239,2425.239,2416.777,2420.23,10257
2024-05-20 00:00:00,2420.241,2440.703,2416.507,2437.58,41144
2024-05-20 04:00:00,2437.58,2450.064,2431.802,2442.233,36732
2024-05-20 08:00:00,2442.276,2447.23,2427.629,2430.643,29715
2024-05-20 12:00:00,2430.608,2430.935,2407.316,2424.876,64849
2024-05-20 16:00:00,2424.846,2437.418,2422.509,2426.771,25909
2024-05-20 20:00:00,2426.821,2430.459,2423.318,2426.171,9922
2024-05-21 00:00:00,2426.172,2433.119,2406.095,2413.732,40665
2024-05-21 04:00:00,2413.713,2422.209,2408.535,2419.246,27332
2024-05-21 08:00:00,2419.303,2423.771,2412.149,2423.426,24064
2024-05-21 12:00:00,2423.444,2433.982,2420.047,2423.392,50166
2024-05-21 16:00:00,2423.349,2425.038,2417.331,2423.355,23277
2024-05-21 20:00:00,2423.344,2423.499,2420.362,2421.691,6223
2024-05-22 00:00:00,2421.697,2426.57,2412.569,2414.2,22252
2024-05-22 04:00:00,2414.201,2418.567,2411.405,2417.27,22662
2024-05-22 08:00:00,2417.236,2419.432,2404.723,2408.708,24011
2024-05-22 12:00:00,2408.748,2415.077,2382.169,2392.004,58726
2024-05-22 16:00:00,2391.96,2395.026,2374.979,2379.344,32891
2024-05-22 20:00:00,2379.304,2382.746,2377.345,2382.161,9356
2024-05-23 00:00:00,2382.194,2383.729,2366.767,2372.475,30381
2024-05-23 04:00:00,2372.462,2374.022,2354.951,2356.152,30772
2024-05-23 08:00:00,2356.095,2369.458,2355.124,2368.078,24627
2024-05-23 12:00:00,2368.039,2369.899,2340.35,2346.118,67799
2024-05-23 16:00:00,2346.081,2350.181,2330.946,2331.618,30002
2024-05-23 20:00:00,2331.66,2333.651,2326.903,2332.05,8442
2024-05-24 00:00:00,2332.053,2335.194,2325.389,2330.638,24556
2024-05-24 04:00:00,2330.624,2340.606,2330.452,2337.768,21154
2024-05-24 08:00:00,2337.723,2343.959,2336.069,2338.212,20919
2024-05-24 12:00:00,2338.213,2347.422,2332.383,2334.528,35494
2024-05-24 16:00:00,2334.56,2337.006,2331.83,2333.804,18015
2024-05-24 20:00:00,2333.84,2335.203,2333.347,2333.82,2377
2024-05-26 20:00:00,2335.822,2340.72,2332.221,2337.213,6792
2024-05-27 00:00:00,2337.225,2347.647,2334.397,2346.013,19137
2024-05-27 04:00:00,2346.01,2346.056,2338.148,2338.644,18148
2024-05-27 08:00:00,2338.631,2346.193,2338.195,2345.068,18238
2024-05-27 12:00:00,2345.113,2358.486,2343.712,2352.483,30793
2024-05-27 16:00:00,2352.435,2355.632,2352.156,2353.937,5004
2024-05-27 20:00:00,2352.198,2353.766,2351.087,2352.408,4061
2024-05-28 00:00:00,2352.449,2356.358,2349.181,2350.896,21285
2024-05-28 04:00:00,2350.862,2353.706,2341.33,2344.045,23872
2024-05-28 08:00:00,2344.012,2348.484,2340.271,2347.434,19799
2024-05-28 12:00:00,2347.406,2364.12,2345.897,2360.24,49119
2024-05-28 16:00:00,2360.309,2362.228,2352.773,2358.192,23876
2024-05-28 20:00:00,2358.175,2362.399,2357.842,2359.722,8144
2024-05-29 00:00:00,2359.686,2361.074,2354.42,2358.162,20500
2024-05-29 04:00:00,2358.174,2361.362,2350.037,2350.509,22053
2024-05-29 08:00:00,2350.575,2351.765,2338.469,2341.703,23878
2024-05-29 12:00:00,2341.696,2347.251,2334.546,2339.187,37942
2024-05-29 16:00:00,2339.179,2344.326,2336.045,2336.783,18478
2024-05-29 20:00:00,2336.811,2339.033,2335.879,2338.402,8062
2024-05-30 00:00:00,2338.416,2339.889,2328.049,2334.348,26667
2024-05-30 04:00:00,2334.301,2337.736,2322.587,2334.38,27014
2024-05-30 08:00:00,2334.409,2340.972,2330.595,2335.863,24452
2024-05-30 12:00:00,2335.838,2351.885,2331.967,2343.841,48954
2024-05-30 16:00:00,2343.874,2348.844,2339.868,2341.605,20193
2024-05-30 20:00:00,2341.551,2346.413,2341.478,2343.944,8399
2024-05-31 00:00:00,2343.959,2347.725,2336.975,2343.735,22599
2024-05-31 04:00:00,2343.705,2347.096,2339.934,2340.401,20326
2024-05-31 08:00:00,2340.377,2344.96,2339.721,2343.821,18716
2024-05-31 12:00:00,2343.777,2359.732,2327.703,2330.062,59051
2024-05-31 16:00:00,2330.007,2336.73,2320.563,2327.723,29475
2024-05-31 20:00:00,2327.671,2330.588,2327.034,2327.23,4103
2024-06-02 20:00:00,2328.533,2328.812,2323.372,2325.974,6635
2024-06-03 00:00:00,2326.005,2331.148,2320.842,2321.432,21092
2024-06-03 04:00:00,2321.478,2328.883,2314.729,2325.989,25232
2024-06-03 08:00:00,2325.958,2333.348,2324.331,2330.014,21986
2024-06-03 12:00:00,2330.031,2345.701,2325.694,2342.818,45064
2024-06-03 16:00:00,2342.767,2354.767,2341.385,2347.647,23973
2024-06-03 20:00:00,2347.692,2351.924,2346.936,2350.666,6890
2024-06-04 00:00:00,2350.678,2352.836,2343.161,2345.788,18525
2024-06-04 04:00:00,2345.73,2351.815,2339.075,2339.77,19962
2024-06-04 08:00:00,2339.715,2339.822,2325.286,2327.954,29874
2024-06-04 12:00:00,2327.915,2337.959,2315.552,2326.103,51670
2024-06-04 16:00:00,2326.109,2330.358,2322.548,2327.35,21827
2024-06-04 20:00:00,2327.392,2328.935,2326.017,2328.823,5797
2024-06-05 00:00:00,2328.828,2337.96,2325.895,2337.159,17359
2024-06-05 04:00:00,2337.21,2341.704,2328.096,2331.625,20582
2024-06-05 08:00:00,2331.618,2335.564,2329.502,2332.55,20996
2024-06-05 12:00:00,2332.609,2357.426,2332.214,2353.687,51533
2024-06-05 16:00:00,2353.68,2356.775,2351.407,2353.966,19345
2024-06-05 20:00:00,2354.008,2357.343,2352.806,2355.049,6745
2024-06-06 00:00:00,2355.047,2375.003,2354.528,2368.483,25620
2024-06-06 04:00:00,2368.485,2371.433,2362.189,2362.943,18416
2024-06-06 08:00:00,2362.936,2363.925,2358.55,2359.797,17109
2024-06-06 12:00:00,2359.777,2378.549,2353.399,2374.263,47996
2024-06-06 16:00:00,2374.246,2376.945,2369.017,2372.534,22380
2024-06-06 20:00:00,2372.509,2378.163,2372.322,2376.767,6556
2024-06-07 00:00:00,2376.772,2382.007,2369.415,2380.159,21766
2024-06-07 04:00:00,2380.113,2387.739,2372.779,2373.622,23200
2024-06-07 08:00:00,2373.573,2373.971,2330.906,2336.535,43143
2024-06-07 12:00:00,2336.526,2339.35,2304.486,2304.995,73051
2024-06-07 16:00:00,2305.057,2314.523,2287.573,2288.372,30377
2024-06-07 20:00:00,2288.328,2294.365,2286.761,2293.835,5434
2024-06-09 20:00:00,2290.469,2300.078,2290.414,2298.517,7163
2024-06-10 00:00:00,2298.566,2301.44,2293.942,2295.366,17326
2024-06-10 04:00:00,2295.325,2297.284,2287.738,2296.512,22564
2024-06-10 08:00:00,2296.56,2305.32,2291.865,2305.081,21810
2024-06-10 12:00:00,2305.03,2308.699,2300.39,2307.338,32242
2024-06-10 16:00:00,2307.386,2313.803,2306.973,2308.771,19322
2024-06-10 20:00:00,2308.824,2312.184,2308.513,2309.968,6832
2024-06-11 00:00:00,2309.963,2311.935,2298.815,2303.771,25367
2024-06-11 04:00:00,2303.723,2305.459,2297.684,2304.522,18558
2024-06-11 08:00:00,2304.554,2308.905,2301.531,2307.682,20569
2024-06-11 12:00:00,2307.644,2319.988,2307.576,2310.159,40614
2024-06-11 16:00:00,2310.208,2315.794,2305.825,2315.348,19187
2024-06-11 20:00:00,2315.387,2317.642,2313.903,2315.108,7393
2024-06-12 00:00:00,2315.093,2316.785,2310.743,2314.062,17596
2024-06-12 04:00:00,2314.069,2317.818,2311.201,2314.516,16007
2024-06-12 08:00:00,2314.555,2315.735,2310.801,2312.884,18195
2024-06-12 12:00:00,2312.903,2341.667,2311.602,2335.589,61775
2024-06-12 16:00:00,2335.634,2339.595,2315.86,2321.3,50744
2024-06-12 20:00:00,2321.342,2325.391,2320.138,2320.593,8603
2024-06-13 00:00:00,2320.607,2323.001,2308.087,2314.285,23694
2024-06-13 04:00:00,2314.277,2318.604,2309.003,2317.05,18628
2024-06-13 08:00:00,2317.097,2319.991,2303.972,2307.064,20926
2024-06-13 12:00:00,2307.111,2326.793,2297.783,2299.03,53956
2024-06-13 16:00:00,2298.975,2304.931,2295.501,2303.45,23138
2024-06-13 20:00:00,2303.5,2304.36,2301.727,2302.372,5876
2024-06-14 00:00:00,2302.417,2308.643,2301.54,2305.498,17642
2024-06-14 04:00:00,2305.454,2316.745,2303.487,2315.264,20232
2024-06-14 08:00:00,2315.221,2336.596,2314.762,2332.05,27915
2024-06-14 12:00:00,2332.081,2335.511,2324.044,2326.124,39216
2024-06-14 16:00:00,2326.166,2335.595,2325.39,2332.489,19959
2024-06-14 20:00:00,2332.543,2333.102,2330.955,2332.862,2567
2024-06-16 20:00:00,2331.125,2331.523,2327.45,2328.91,4398
2024-06-17 00:00:00,2328.955,2328.985,2321.513,2324.347,19480
2024-06-17 04:00:00,2324.344,2326.271,2315.475,2317.031,18311
2024-06-17 08:00:00,2317.0,2322.623,2316.451,2318.223,18216
2024-06-17 12:00:00,2318.268,2327.681,2310.009,2312.527,30704
2024-06-17 16:00:00,2312.575,2320.607,2312.575,2320.176,18013
2024-06-17 20:00:00,2320.219,2321.267,2318.451,2320.682,5738
2024-06-18 00:00:00,2320.671,2325.67,2319.271,2324.449,16999
2024-06-18 04:00:00,2324.445,2324.85,2314.995,2315.542,16475
2024-06-18 08:00:00,2315.511,2315.511,2306.57,2313.349,19392
2024-06-18 12:00:00,2313.317,2329.796,2311.446,2326.902,42817
2024-06-18 16:00:00,2326.953,2333.124,2326.486,2329.395,18705
2024-06-18 20:00:00,2329.389,2330.587,2327.535,2328.291,5756
2024-06-19 00:00:00,2328.311,2331.791,2326.53,2328.307,14285
2024-06-19 04:00:00,2328.26,2332.731,2326.833,2331.806,14481
2024-06-19 08:00:00,2331.849,2335.002,2325.799,2330.442,16519
2024-06-19 12:00:00,2330.428,2332.943,2323.718,2329.811,20269
2024-06-19 16:00:00,2329.82,2331.374,2328.919,2330.009,3788
2024-06-19 20:00:00,2329.985,2330.584,2328.682,2329.38,4035
2024-06-20 00:00:00,2329.398,2339.018,2327.777,2333.939,18428
2024-06-20 04:00:00,2333.935,2345.712,2333.729,2338.618,20485
2024-06-20 08:00:00,2338.569,2341.414,2331.599,2339.282,19084
2024-06-20 12:00:00,2339.33,2365.524,2335.303,2353.775,43242
2024-06-20 16:00:00,2353.763,2361.04,2352.834,2358.85,18736
2024-06-20 20:00:00,2358.894,2361.168,2358.192,2360.782,7704
2024-06-21 00:00:00,2360.801,2364.875,2357.106,2362.173,17696
2024-06-21 04:00:00,2362.198,2365.64,2355.125,2362.921,18455
2024-06-21 08:00:00,2362.967,2368.78,2361.315,2366.254,19528
2024-06-21 12:00:00,2366.309,2368.078,2323.313,2327.93,52567
2024-06-21 16:00:00,2327.983,2329.39,2316.734,2322.091,24608
2024-06-21 20:00:00,2322.143,2322.691,2320.798,2321.539,2877
2024-06-23 20:00:00,2321.147,2322.23,2317.726,2319.223,5117
2024-06-24 00:00:00,2319.212,2326.68,2317.89,2325.432,19771
2024-06-24 04:00:00,2325.443,2331.823,2321.388,2330.742,17253
2024-06-24 08:00:00,2330.76,2332.813,2320.846,2326.227,20942
2024-06-24 12:00:00,2326.273,2333.869,2323.322,2327.663,29232
2024-06-24 16:00:00,2327.618,2334.667,2326.851,2331.677,16987
2024-06-24 20:00:00,2331.645,2334.427,2330.264,2330.914,5959
2024-06-25 00:00:00,2330.908,2330.962,2323.202,2324.183,17653
2024-06-25 04:00:00,2324.226,2330.116,2322.717,2324.826,17779
2024-06-25 08:00:00,2324.782,2337.128,2322.851,2330.164,21006
2024-06-25 12:00:00,2330.199,2330.495,2315.6,2324.717,35205
2024-06-25 16:00:00,2324.789,2325.024,2315.473,2319.813,17951
2024-06-25 20:00:00,2319.762,2321.461,2317.896,2320.064,7607
2024-06-26 00:00:00,2320.017,2323.934,2310.601,2317.284,23475
2024-06-26 04:00:00,2317.327,2318.167,2309.708,2316.125,19086
2024-06-26 08:00:00,2316.082,2318.46,2304.412,2313.03,22514
2024-06-26 12:00:00,2313.086,2317.841,2293.597,2299.956,39593
2024-06-26 16:00:00,2299.996,2303.018,2296.91,2298.662,18405
2024-06-26 20:00:00,2298.718,2299.259,2296.801,2298.44,6707
2024-06-27 00:00:00,2298.449,2300.137,2296.844,2298.97,15244
2024-06-27 04:00:00,2298.972,2303.424,2296.467,2302.297,16431
2024-06-27 08:00:00,2302.251,2317.929,2302.001,2317.057,20532
2024-06-27 12:00:00,2317.012,2330.973,2316.065,2327.474,39569
2024-06-27 16:00:00,2327.438,2328.321,2322.429,2325.988,18648
2024-06-27 20:00:00,2325.954,2328.561,2325.417,2327.758,5980
2024-06-28 00:00:00,2327.702,2328.303,2319.047,2321.751,19251
2024-06-28 04:00:00,2321.825,2328.888,2319.749,2327.181,16150
2024-06-28 08:00:00,2327.191,2337.183,2326.468,2333.946,19146
2024-06-28 12:00:00,2333.997,2339.847,2322.875,2328.629,39227
2024-06-28 16:00:00,2328.679,2332.75,2322.963,2325.011,18670
2024-06-28 20:00:00,2325.059,2326.865,2322.876,2326.676,3403
2024-06-30 20:00:00,2322.887,2326.194,2322.877,2324.968,4735
2024-07-01 00:00:00,2324.989,2328.54,2322.139,2324.783,16543
2024-07-01 04:00:00,2324.767,2329.012,2318.475,2323.722,18620
2024-07-01 08:00:00,2323.688,2338.287,2321.875,2338.171,20046
2024-07-01 12:00:00,2338.201,2338.52,2319.242,2327.751,36342
2024-07-01 16:00:00,2327.745,2331.914,2326.65,2330.938,17534
2024-07-01 20:00:00,2331.011,2332.587,2330.893,2332.259,5607
2024-07-02 00:00:00,2332.254,2334.337,2325.746,2326.071,14739
2024-07-02 04:00:00,2326.073,2331.823,2323.299,2330.717,16925
2024-07-02 08:00:00,2330.772,2332.49,2319.94,2320.737,19181
2024-07-02 12:00:00,2320.764,2336.801,2319.041,2324.748,38848
2024-07-02 16:00:00,2324.716,2331.35,2320.959,2330.798,16576
2024-07-02 20:00:00,2330.763,2331.483,2328.654,2330.217,5758
2024-07-03 00:00:00,2330.214,2332.543,2326.82,2331.686,14501
2024-07-03 04:00:00,2331.737,2347.238,2331.737,2345.344,19167
2024-07-03 08:00:00,2345.355,2349.522,2342.153,2345.435,20580
2024-07-03 12:00:00,2345.479,2364.964,2344.909,2363.078,41991
2024-07-03 16:00:00,2363.039,2363.188,2353.652,2354.317,17215
2024-07-03 20:00:00,2354.339,2359.619,2354.26,2358.737,5189
2024-07-04 00:00:00,2358.759,2362.574,2356.48,2358.141,15036
2024-07-04 04:00:00,2358.139,2359.639,2350.379,2357.491,15609
2024-07-04 08:00:00,2357.55,2360.027,2355.486,2358.428,14890
2024-07-04 12:00:00,2358.501,2361.909,2355.496,2357.432,17980
2024-07-04 16:00:00,2357.448,2359.136,2356.941,2357.268,3911
2024-07-04 20:00:00,2357.072,2357.741,2354.248,2356.759,4694
2024-07-05 00:00:00,2356.791,2363.145,2356.062,2361.75,16066
2024-07-05 04:00:00,2361.753,2367.483,2361.34,2365.262,16223
2024-07-05 08:00:00,2365.298,2368.039,2361.807,2365.793,17423
2024-07-05 12:00:00,2365.773,2388.384,2346.201,2384.677,53869
2024-07-05 16:00:00,2384.723,2392.978,2383.939,2388.821,21382
2024-07-05 20:00:00,2388.768,2391.663,2388.229,2391.605,2654
2024-07-07 20:00:00,2389.621,2390.216,2384.803,2386.159,5367
2024-07-08 00:00:00,2386.105,2391.128,2380.733,2382.913,19328
2024-07-08 04:00:00,2382.97,2386.806,2376.636,2377.867,18572
2024-07-08 08:00:00,2377.862,2378.862,2368.297,2375.322,19461
2024-07-08 12:00:00,2375.273,2379.541,2351.013,2355.496,38190
2024-07-08 16:00:00,2355.446,2359.876,2351.034,2359.211,20942
2024-07-08 20:00:00,2359.249,2362.038,2358.024,2361.748,5646
2024-07-09 00:00:00,2361.777,2367.986,2360.491,2367.663,17704
2024-07-09 04:00:00,2367.656,2368.815,2358.293,2358.97,17179
2024-07-09 08:00:00,2359.018,2365.674,2357.523,2360.62,17654
2024-07-09 12:00:00,2360.67,2371.62,2349.382,2362.031,43930
2024-07-09 16:00:00,2362.013,2365.622,2356.548,2363.535,20047
2024-07-09 20:00:00,2363.575,2366.081,2363.317,2365.002,5332
2024-07-10 00:00:00,2364.982,2370.33,2363.34,2368.181,16300
2024-07-10 04:00:00,2368.205,2374.965,2366.604,2372.642,15672
2024-07-10 08:00:00,2372.606,2378.398,2371.473,2378.393,15739
2024-07-10 12:00:00,2378.423,2386.708,2373.917,2378.797,30871
2024-07-10 16:00:00,2378.83,2381.369,2369.873,2371.803,18212
2024-07-10 20:00:00,2371.794,2372.948,2370.9,2372.889,5286
2024-07-11 00:00:00,2372.871,2380.259,2371.44,2378.781,15541
2024-07-11 04:00:00,2378.812,2383.235,2378.502,2379.925,16366
2024-07-11 08:00:00,2379.962,2384.564,2379.038,2380.832,17340
2024-07-11 12:00:00,2380.788,2424.575,2378.165,2417.391,74505
2024-07-11 16:00:00,2417.34,2419.284,2410.041,2414.116,23899
2024-07-11 20:00:00,2414.174,2416.048,2411.136,2415.888,9672
2024-07-12 00:00:00,2415.892,2416.289,2406.686,2408.815,19144
2024-07-12 04:00:00,2408.817,2410.108,2400.324,2404.212,18839
2024-07-12 08:00:00,2404.137,2408.349,2398.322,2401.749,19047
2024-07-12 12:00:00,2401.804,2413.721,2391.402,2411.753,45815
2024-07-12 16:00:00,2411.789,2418.27,2411.733,2412.86,16822
2024-07-12 20:00:00,2412.809,2412.809,2411.299,2411.436,2307
2024-07-14 20:00:00,2411.373,2412.282,2405.699,2408.687,6537
2024-07-15 00:00:00,2408.691,2412.004,2404.923,2411.59,17036
2024-07-15 04:00:00,2411.627,2414.007,2401.339,2407.915,18755
2024-07-15 08:00:00,2407.931,2420.359,2406.909,2418.265,20820
2024-07-15 12:00:00,2418.271,2437.484,2411.53,2433.315,38257
2024-07-15 16:00:00,2433.293,2439.805,2419.756,2421.123,30855
2024-07-15 20:00:00,2421.18,2422.763,2420.621,2422.528,6155
2024-07-16 00:00:00,2422.517,2431.469,2419.948,2428.612,19485
2024-07-16 04:00:00,2428.616,2439.372,2425.057,2437.002,21265
2024-07-16 08:00:00,2436.985,2443.452,2433.637,2439.555,23070
2024-07-16 12:00:00,2439.528,2465.317,2429.367,2463.165,50686
2024-07-16 16:00:00,2463.255,2468.733,2457.867,2468.517,24094
2024-07-16 20:00:00,2468.57,2470.0,2466.279,2468.312,9222
2024-07-17 00:00:00,2468.302,2482.399,2463.943,2471.735,31796
2024-07-17 04:00:00,2471.71,2474.358,2461.821,2474.137,26631
2024-07-17 08:00:00,2474.099,2478.878,2466.69,2470.062,28491
2024-07-17 12:00:00,2470.093,2483.772,2458.048,2463.407,57745
2024-07-17 16:00:00,2463.456,2465.14,2451.441,2458.02,26837
2024-07-17 20:00:00,2458.056,2461.883,2457.246,2461.33,8673
2024-07-18 00:00:00,2461.367,2468.908,2457.323,2468.045,21523
2024-07-18 04:00:00,2468.034,2475.0,2464.585,2471.964,23377
2024-07-18 08:00:00,2471.992,2473.728,2461.521,2464.494,23023
2024-07-18 12:00:00,2464.537,2469.957,2457.56,2461.324,41797
2024-07-18 16:00:00,2461.357,2462.066,2440.26,2442.949,27605
2024-07-18 20:00:00,2442.999,2445.597,2441.256,2441.284,7866
2024-07-19 00:00:00,2441.326,2441.377,2420.451,2428.734,37163
2024-07-19 04:00:00,2428.731,2429.355,2412.837,2418.161,29631
2024-07-19 08:00:00,2418.173,2421.675,2408.445,2410.087,26925
2024-07-19 12:00:00,2410.093,2410.262,2393.789,2405.412,53686
2024-07-19 16:00:00,2405.479,2406.001,2395.674,2398.776,21983
2024-07-19 20:00:00,2398.807,2400.584,2397.817,2400.484,3117
2024-07-21 20:00:00,2403.716,2411.965,2402.521,2411.562,7261
2024-07-22 00:00:00,2411.53,2412.191,2403.267,2406.765,23030
2024-07-22 04:00:00,2406.724,2407.386,2398.915,2402.541,25268
2024-07-22 08:00:00,2402.535,2408.455,2397.986,2398.09,22170
2024-07-22 12:00:00,2398.076,2400.205,2383.831,2386.346,45433
2024-07-22 16:00:00,2386.338,2400.093,2386.119,2399.034,19277
2024-07-22 20:00:00,2398.987,2399.52,2394.738,2395.817,6198
2024-07-23 00:00:00,2395.784,2404.015,2395.499,2398.394,21597
2024-07-23 04:00:00,2398.339,2399.677,2388.259,2397.821,24241
2024-07-23 08:00:00,2397.856,2412.034,2396.309,2407.648,24348
2024-07-23 12:00:00,2407.608,2409.315,2399.549,2405.471,33841
2024-07-23 16:00:00,2405.523,2409.011,2402.66,2407.579,18687
2024-07-23 20:00:00,2407.538,2410.047,2405.339,2408.547,7058
2024-07-24 00:00:00,2408.592,2418.397,2404.9,2416.44,23675
2024-07-24 04:00:00,2416.454,2419.239,2411.655,2414.608,22835
2024-07-24 08:00:00,2414.566,2417.816,2409.787,2417.466,20641
2024-07-24 12:00:00,2417.503,2431.987,2413.638,2424.791,44250
2024-07-24 16:00:00,2424.827,2424.951,2398.314,2398.392,27107
2024-07-24 20:00:00,2398.502,2401.226,2393.067,2398.703,13027
2024-07-25 00:00:00,2398.754,2400.019,2366.808,2374.789,52241
2024-07-25 04:00:00,2374.738,2378.767,2365.786,2374.054,30312
2024-07-25 08:00:00,2374.107,2382.563,2368.017,2368.594,29429
2024-07-25 12:00:00,2368.595,2377.362,2357.953,2363.185,66786
2024-07-25 16:00:00,2363.157,2365.555,2353.12,2362.613,30829
2024-07-25 20:00:00,2362.641,2365.488,2359.38,2363.834,10244
2024-07-26 00:00:00,2363.882,2379.436,2355.876,2371.813,28367
2024-07-26 04:00:00,2371.854,2375.286,2365.248,2371.495,23624
2024-07-26 08:00:00,2371.537,2375.837,2369.378,2373.312,20577
2024-07-26 12:00:00,2373.308,2390.833,2371.061,2385.171,45110
2024-07-26 16:00:00,2385.218,2390.425,2381.159,2386.346,20573
2024-07-26 20:00:00,2386.385,2388.887,2385.466,2387.148,3255
2024-07-28 20:00:00,2387.977,2403.189,2387.89,2397.039,11165
2024-07-29 00:00:00,2397.079,2402.519,2388.647,2394.56,27393
2024-07-29 04:00:00,2394.539,2396.296,2389.46,2391.603,23038
2024-07-29 08:00:00,2391.592,2395.402,2386.842,2387.762,22932
2024-07-29 12:00:00,2387.766,2396.82,2369.556,2376.836,43838
2024-07-29 16:00:00,2376.865,2385.452,2374.534,2383.125,22678
2024-07-29 20:00:00,2383.082,2384.981,2380.923,2381.177,6873
2024-07-30 00:00:00,2381.22,2385.997,2376.505,2385.775,23541
2024-07-30 04:00:00,2385.763,2392.005,2385.671,2390.258,22044
2024-07-30 08:00:00,2390.298,2392.474,2386.906,2387.149,19592
2024-07-30 12:00:00,2387.142,2397.761,2383.354,2385.294,43033
2024-07-30 16:00:00,2385.337,2411.103,2384.987,2407.041,30625
2024-07-30 20:00:00,2407.009,2412.832,2406.981,2409.841,10846
2024-07-31 00:00:00,2409.844,2419.199,2403.91,2416.476,29710
2024-07-31 04:00:00,2416.507,2425.544,2414.419,2417.209,26845
2024-07-31 08:00:00,2417.17,2423.296,2415.469,2419.61,22541
2024-07-31 12:00:00,2419.663,2429.025,2417.304,2423.132,41776
2024-07-31 16:00:00,2423.173,2450.887,2421.57,2449.837,41848
2024-07-31 20:00:00,2449.792,2451.002,2444.129,2445.777,11758
2024-08-01 00:00:00,2445.759,2458.412,2437.29,2442.811,37446
2024-08-01 04:00:00,2442.803,2448.841,2439.905,2440.359,27227
2024-08-01 08:00:00,2440.316,2442.922,2430.226,2440.775,28551
2024-08-01 12:00:00,2440.756,2462.324,2440.316,2445.247,64793
2024-08-01 16:00:00,2445.299,2448.795,2434.915,2443.087,33968
2024-08-01 20:00:00,2443.055,2447.587,2441.755,2445.878,12223
2024-08-02 00:00:00,2445.92,2459.446,2434.906,2454.466,38984
2024-08-02 04:00:00,2454.456,2468.514,2454.225,2461.572,30243
2024-08-02 08:00:00,2461.619,2465.405,2457.565,2459.293,25765
2024-08-02 12:00:00,2459.25,2477.756,2410.828,2433.195,122888
2024-08-02 16:00:00,2433.102,2439.327,2422.966,2437.652,42609
2024-08-02 20:00:00,2437.679,2442.506,2435.573,2441.926,4861
2024-08-04 20:00:00,2441.041,2446.376,2437.949,2440.986,13289
2024-08-05 00:00:00,2441.017,2452.544,2413.801,2450.991,69651
2024-08-05 04:00:00,2451.056,2458.87,2422.098,2432.014,64766
2024-08-05 08:00:00,2432.054,2434.464,2383.302,2386.769,60568
2024-08-05 12:00:00,2386.806,2412.269,2364.3,2402.872,114550
2024-08-05 16:00:00,2402.801,2413.094,2399.02,2407.714,38274
2024-08-05 20:00:00,2407.679,2412.596,2404.374,2404.871,13873
2024-08-06 00:00:00,2404.899,2418.341,2404.549,2409.016,39034
2024-08-06 04:00:00,2409.047,2412.651,2394.826,2409.869,45330
2024-08-06 08:00:00,2409.969,2416.378,2408.107,2410.989,31548
2024-08-06 12:00:00,2411.029,2412.244,2381.437,2387.57,75916
2024-08-06 16:00:00,2387.605,2396.048,2385.582,2387.765,30091
2024-08-06 20:00:00,2387.793,2390.521,2382.788,2383.812,11517
2024-08-07 00:00:00,2383.757,2388.474,2378.975,2385.982,42082
2024-08-07 04:00:00,2386.019,2397.616,2385.72,2389.344,30703
2024-08-07 08:00:00,2389.393,2402.393,2388.296,2401.212,25484
2024-08-07 12:00:00,2401.198,2407.124,2391.966,2394.486,43673
2024-08-07 16:00:00,2394.484,2399.782,2383.807,2385.753,28541
2024-08-07 20:00:00,2385.704,2387.416,2380.918,2384.825,11777
2024-08-08 00:00:00,2384.868,2394.731,2383.297,2394.35,29622
2024-08-08 04:00:00,2394.289,2400.674,2392.461,2396.77,27834
2024-08-08 08:00:00,2396.82,2413.666,2392.903,2412.226,27893
2024-08-08 12:00:00,2412.186,2424.399,2402.329,2418.72,60975
2024-08-08 16:00:00,2418.678,2426.395,2415.831,2423.565,25138
2024-08-08 20:00:00,2423.587,2427.852,2422.863,2424.623,10050
2024-08-09 00:00:00,2424.553,2429.034,2419.256,2421.123,25670
2024-08-09 04:00:00,2421.079,2427.087,2416.863,2423.162,23934
2024-08-09 08:00:00,2423.216,2432.673,2422.223,2426.794,23789
2024-08-09 12:00:00,2426.768,2435.99,2420.989,2431.504,50355
2024-08-09 16:00:00,2431.548,2437.044,2427.191,2429.113,22271
2024-08-09 20:00:00,2429.152,2431.205,2429.152,2430.839,3061
2024-08-11 20:00:00,2428.394,2433.268,2427.28,2427.96,6500
2024-08-12 00:00:00,2427.962,2430.321,2423.859,2428.606,18553
2024-08-12 04:00:00,2428.548,2442.853,2428.239,2441.606,20538
2024-08-12 08:00:00,2441.648,2445.092,2439.61,2441.532,21630
2024-08-12 12:00:00,2441.54,2460.718,2441.442,2459.767,41866
2024-08-12 16:00:00,2459.811,2472.226,2458.962,2470.505,23249
2024-08-12 20:00:00,2470.478,2476.065,2470.183,2475.568,8842
2024-08-13 00:00:00,2475.612,2476.995,2460.824,2463.48,27079
2024-08-13 04:00:00,2463.545,2466.183,2458.525,2464.292,22186
2024-08-13 08:00:00,2464.333,2466.639,2458.865,2465.829,21483
2024-08-13 12:00:00,2465.788,2475.689,2458.939,2468.673,43800
2024-08-13 16:00:00,2468.632,2471.118,2462.267,2466.943,20431
2024-08-13 20:00:00,2466.954,2467.867,2462.974,2464.091,7783
2024-08-14 00:00:00,2464.136,2472.525,2455.303,2460.824,26557
2024-08-14 04:00:00,2460.847,2471.925,2459.301,2470.881,20950
2024-08-14 08:00:00,2470.854,2478.821,2468.708,2474.727,22024
2024-08-14 12:00:00,2474.767,2480.113,2442.041,2444.056,68462
2024-08-14 16:00:00,2444.055,2448.481,2438.027,2447.256,24149
2024-08-14 20:00:00,2447.157,2449.513,2446.465,2449.44,7417
2024-08-15 00:00:00,2449.428,2454.389,2448.242,2453.712,22537
2024-08-15 04:00:00,2453.734,2458.818,2450.312,2455.742,21262
2024-08-15 08:00:00,2455.733,2464.197,2453.558,2463.557,20169
2024-08-15 12:00:00,2463.612,2470.126,2432.126,2458.426,70605
2024-08-15 16:00:00,2458.47,2461.653,2453.432,2455.598,21895
2024-08-15 20:00:00,2455.552,2458.283,2454.428,2457.335,8133
2024-08-16 00:00:00,2457.341,2460.059,2450.746,2452.429,21443
2024-08-16 04:00:00,2452.467,2464.52,2451.101,2462.002,20671
2024-08-16 08:00:00,2462.078,2472.331,2459.134,2472.145,23241
2024-08-16 12:00:00,2472.106,2500.551,2471.283,2491.723,64397
2024-08-16 16:00:00,2491.807,2509.058,2491.683,2507.894,26358
2024-08-16 20:00:00,2507.947,2509.814,2505.571,2507.852,4341
2024-08-18 20:00:00,2506.337,2506.812,2502.305,2506.484,7370
2024-08-19 00:00:00,2506.472,2506.805,2494.945,2503.247,31764
2024-08-19 04:00:00,2503.206,2505.215,2498.841,2503.026,24471
2024-08-19 08:00:00,2502.979,2507.211,2486.517,2494.444,24582
2024-08-19 12:00:00,2494.449,2505.965,2485.649,2503.968,41584
2024-08-19 16:00:00,2503.932,2507.516,2500.694,2505.437,20480
2024-08-19 20:00:00,2505.477,2505.659,2502.077,2503.578,6402
2024-08-20 00:00:00,2503.588,2508.322,2498.666,2501.761,22177
2024-08-20 04:00:00,2501.823,2515.256,2497.289,2514.912,22079
2024-08-20 08:00:00,2514.939,2527.205,2514.327,2526.257,29230
2024-08-20 12:00:00,2526.301,2531.701,2505.786,2508.552,56690
2024-08-20 16:00:00,2508.583,2515.555,2500.863,2514.985,26031
2024-08-20 20:00:00,2515.027,2516.97,2512.787,2512.998,7080
2024-08-21 00:00:00,2513.01,2519.976,2510.792,2517.42,22787
2024-08-21 04:00:00,2517.467,2519.62,2508.124,2509.784,22381
2024-08-21 08:00:00,2509.757,2513.355,2504.451,2511.857,21850
2024-08-21 12:00:00,2511.815,2513.767,2493.724,2508.321,57921
2024-08-21 16:00:00,2508.261,2519.201,2503.15,2511.593,25178
2024-08-21 20:00:00,2511.547,2514.458,2509.778,2512.718,7350
2024-08-22 00:00:00,2512.766,2514.735,2499.885,2502.362,23455
2024-08-22 04:00:00,2502.378,2510.614,2499.218,2507.136,23569
2024-08-22 08:00:00,2507.138,2509.156,2498.053,2499.54,23892
2024-08-22 12:00:00,2499.573,2504.17,2470.835,2481.828,58520
2024-08-22 16:00:00,2481.876,2485.999,2478.561,2483.017,23843
2024-08-22 20:00:00,2483.055,2487.632,2482.402,2487.598,6693
2024-08-23 00:00:00,2487.608,2493.787,2486.469,2493.199,22979
2024-08-23 04:00:00,2493.187,2495.802,2490.601,2493.418,20391
2024-08-23 08:00:00,2493.371,2502.529,2493.025,2501.605,21274
2024-08-23 12:00:00,2501.59,2518.384,2494.487,2509.878,63373
2024-08-23 16:00:00,2509.918,2513.275,2501.709,2510.806,26794
2024-08-23 20:00:00,2510.778,2512.497,2509.566,2512.391,3101
2024-08-25 20:00:00,2512.091,2516.707,2511.1,2515.927,7429
2024-08-26 00:00:00,2515.914,2517.025,2509.354,2509.793,23844
2024-08-26 04:00:00,2509.763,2521.844,2508.67,2521.432,23406
2024-08-26 08:00:00,2521.436,2526.93,2520.726,2526.557,24239
2024-08-26 12:00:00,2526.491,2527.033,2510.657,2515.811,47540
2024-08-26 16:00:00,2515.855,2523.415,2513.542,2518.193,21735
2024-08-26 20:00:00,2518.228,2519.119,2515.43,2515.536,5971
2024-08-27 00:00:00,2515.501,2516.733,2505.84,2508.997,22334
2024-08-27 04:00:00,2509.032,2517.585,2504.552,2505.012,26113
2024-08-27 08:00:00,2504.909,2513.769,2503.552,2511.503,26401
2024-08-27 12:00:00,2511.468,2520.34,2503.486,2512.158,48500
2024-08-27 16:00:00,2512.131,2525.962,2509.839,2525.121,23142
2024-08-27 20:00:00,2525.086,2529.086,2523.804,2525.293,8426
2024-08-28 00:00:00,2525.247,2525.849,2513.192,2515.909,21516
2024-08-28 04:00:00,2515.848,2516.162,2503.243,2510.008,28265
2024-08-28 08:00:00,2509.966,2511.456,2500.714,2501.509,23990
2024-08-28 12:00:00,2501.469,2510.727,2493.522,2506.165,46237
2024-08-28 16:00:00,2506.206,2509.633,2496.409,2507.631,24091
2024-08-28 20:00:00,2507.667,2508.727,2502.784,2508.134,9897
2024-08-29 00:00:00,2508.104,2516.795,2507.991,2516.567,21200
2024-08-29 04:00:00,2516.615,2521.188,2513.83,2519.115,21941
2024-08-29 08:00:00,2519.149,2524.47,2515.103,2519.907,26119
2024-08-29 12:00:00,2519.898,2525.694,2503.582,2522.531,54602
2024-08-29 16:00:00,2522.581,2528.693,2517.442,2521.198,24490
2024-08-29 20:00:00,2521.235,2522.337,2518.916,2519.637,6443
2024-08-30 00:00:00,2519.624,2520.132,2512.316,2513.579,20773
2024-08-30 04:00:00,2513.557,2524.09,2512.19,2519.393,25079
2024-08-30 08:00:00,2519.38,2526.938,2515.011,2519.547,23609
2024-08-30 12:00:00,2519.509,2524.784,2500.257,2502.525,63678
2024-08-30 16:00:00,2502.489,2506.069,2494.11,2502.367,30813
2024-08-30 20:00:00,2502.328,2503.602,2501.857,2503.366,3375
2024-09-01 20:00:00,2502.509,2504.779,2501.966,2503.004,5463
2024-09-02 00:00:00,2503.007,2505.004,2490.001,2496.252,25637
2024-09-02 04:00:00,2496.232,2501.481,2495.214,2498.228,21598
2024-09-02 08:00:00,2498.213,2507.358,2497.106,2499.838,22653
2024-09-02 12:00:00,2499.798,2503.23,2497.696,2501.509,22589
2024-09-02 16:00:00,2501.514,2501.926,2498.64,2500.109,4070
2024-09-02 20:00:00,2499.561,2499.744,2496.5,2497.266,3831
2024-09-03 00:00:00,2497.271,2497.725,2489.71,2494.741,24505
2024-09-03 04:00:00,2494.813,2502.075,2492.757,2500.867,23114
2024-09-03 08:00:00,2500.833,2506.273,2484.675,2489.689,31475
2024-09-03 12:00:00,2489.65,2502.237,2473.306,2488.377,80841
2024-09-03 16:00:00,2488.354,2494.422,2483.903,2492.039,22596
2024-09-03 20:00:00,2491.989,2494.788,2491.342,2493.247,7782
2024-09-04 00:00:00,2493.224,2496.974,2491.305,2495.04,20716
2024-09-04 04:00:00,2495.082,2496.757,2481.945,2482.201,24367
2024-09-04 08:00:00,2482.196,2491.291,2471.892,2489.201,33191
2024-09-04 12:00:00,2489.164,2500.324,2482.08,2494.008,59813
2024-09-04 16:00:00,2493.982,2498.047,2491.456,2493.426,20681
2024-09-04 20:00:00,2493.405,2496.975,2492.856,2495.853,7124
2024-09-05 00:00:00,2495.851,2499.359,2494.504,2494.892,19072
2024-09-05 04:00:00,2494.859,2507.647,2493.783,2506.394,22974
2024-09-05 08:00:00,2506.432,2518.399,2505.941,2515.223,29372
2024-09-05 12:00:00,2515.27,2523.598,2503.821,2507.178,68537
2024-09-05 16:00:00,2507.203,2516.878,2506.097,2514.838,22264
2024-09-05 20:00:00,2514.881,2518.031,2514.826,2517.306,6591
2024-09-06 00:00:00,2517.301,2518.498,2513.068,2518.256,18846
2024-09-06 04:00:00,2518.281,2521.889,2516.302,2516.577,21480
2024-09-06 08:00:00,2516.54,2520.388,2514.693,2516.295,20949
2024-09-06 12:00:00,2516.326,2529.228,2500.427,2505.395,116025
2024-09-06 16:00:00,2505.338,2505.906,2485.031,2496.002,54135
2024-09-06 20:00:00,2495.963,2497.861,2494.759,2497.548,3868
2024-09-08 20:00:00,2497.061,2498.301,2495.516,2496.893,6143
2024-09-09 00:00:00,2496.895,2500.532,2494.735,2499.308,25696
2024-09-09 04:00:00,2499.274,2499.544,2485.527,2494.324,33577
2024-09-09 08:00:00,2494.362,2499.161,2489.989,2497.266,27710
2024-09-09 12:00:00,2497.32,2505.316,2493.255,2499.114,44377
2024-09-09 16:00:00,2499.145,2506.574,2499.145,2505.984,22621
2024-09-09 20:00:00,2505.945,2507.725,2505.245,2506.837,7041
2024-09-10 00:00:00,2506.839,2507.485,2501.394,2502.556,20840
2024-09-10 04:00:00,2502.524,2507.797,2500.76,2502.816,21414
2024-09-10 08:00:00,2502.778,2509.693,2500.076,2504.631,25376
2024-09-10 12:00:00,2504.599,2518.439,2500.896,2512.794,51633
2024-09-10 16:00:00,2512.821,2517.539,2510.717,2517.236,23234
2024-09-10 20:00:00,2517.238,2518.892,2515.774,2518.702,6485
2024-09-11 00:00:00,2518.662,2522.601,2514.964,2519.43,25562
2024-09-11 04:00:00,2519.45,2529.084,2518.559,2521.495,26046
2024-09-11 08:00:00,2521.461,2527.245,2519.784,2522.291,24375
2024-09-11 12:00:00,2522.251,2523.908,2500.868,2514.767,83270
2024-09-11 16:00:00,2514.736,2520.057,2509.786,2512.954,26868
2024-09-11 20:00:00,2512.928,2513.915,2511.294,2511.925,6770
2024-09-12 00:00:00,2511.848,2516.122,2510.997,2515.868,19289
2024-09-12 04:00:00,2515.904,2522.284,2514.465,2515.956,20575
2024-09-12 08:00:00,2515.93,2521.038,2512.99,2519.509,24069
2024-09-12 12:00:00,2519.547,2555.253,2518.886,2553.278,86147
2024-09-12 16:00:00,2553.254,2559.093,2544.878,2557.929,33552
2024-09-12 20:00:00,2557.894,2560.115,2556.766,2558.446,9530
2024-09-13 00:00:00,2558.443,2570.106,2556.804,2567.877,29628
2024-09-13 04:00:00,2567.882,2571.159,2563.092,2569.872,28709
2024-09-13 08:00:00,2569.882,2573.043,2563.672,2567.312,28566
2024-09-13 12:00:00,2567.347,2583.504,2566.057,2582.164,56727
2024-09-13 16:00:00,2582.199,2586.144,2578.617,2582.67,26119
2024-09-13 20:00:00,2582.636,2582.933,2577.728,2579.091,3424
2024-09-15 20:00:00,2578.48,2580.478,2577.567,2579.187,7288
2024-09-16 00:00:00,2579.194,2589.025,2578.911,2586.318,17167
2024-09-16 04:00:00,2586.359,2589.675,2579.476,2582.166,23119
2024-09-16 08:00:00,2582.155,2588.55,2575.309,2583.023,27364
2024-09-16 12:00:00,2582.99,2589.322,2576.093,2579.903,46624
2024-09-16 16:00:00,2579.936,2584.196,2579.548,2582.51,18874
2024-09-16 20:00:00,2582.574,2583.879,2581.833,2583.683,6358
2024-09-17 00:00:00,2583.678,2586.362,2576.795,2577.208,18571
2024-09-17 04:00:00,2577.202,2586.98,2574.558,2583.824,21596
2024-09-17 08:00:00,2583.785,2584.179,2569.731,2579.848,30634
2024-09-17 12:00:00,2579.858,2582.261,2561.763,2565.692,59249
2024-09-17 16:00:00,2565.716,2571.681,2560.685,2568.664,27671
2024-09-17 20:00:00,2568.69,2574.391,2568.314,2574.074,7358
2024-09-18 00:00:00,2574.043,2576.498,2570.025,2575.923,26179
2024-09-18 04:00:00,2575.947,2576.502,2565.733,2571.59,23032
2024-09-18 08:00:00,2571.667,2580.764,2567.958,2577.431,23519
2024-09-18 12:00:00,2577.465,2578.931,2567.971,2569.725,38369
2024-09-18 16:00:00,2569.755,2600.162,2546.852,2549.05,124461
2024-09-18 20:00:00,2549.005,2561.606,2548.324,2559.263,18640
2024-09-19 00:00:00,2559.263,2566.732,2550.918,2563.983,35568
2024-09-19 04:00:00,2564.026,2584.657,2559.588,2584.368,35100
2024-09-19 08:00:00,2584.385,2594.987,2581.353,2589.459,35274
2024-09-19 12:00:00,2589.423,2591.227,2569.777,2589.046,71222
2024-09-19 16:00:00,2589.086,2592.636,2585.956,2588.333,24413
2024-09-19 20:00:00,2588.379,2589.827,2585.9,2587.306,7679
2024-09-20 00:00:00,2587.277,2593.729,2584.738,2591.413,23798
2024-09-20 04:00:00,2591.421,2609.821,2591.282,2607.182,28252
2024-09-20 08:00:00,2607.147,2615.524,2602.459,2613.76,29514
2024-09-20 12:00:00,2613.721,2623.059,2602.517,2622.749,68763
2024-09-20 16:00:00,2622.786,2625.778,2617.858,2621.111,31872
2024-09-20 20:00:00,2621.153,2622.533,2619.124,2622.122,3386
2024-09-22 20:00:00,2620.968,2622.149,2619.676,2620.258,5584
2024-09-23 00:00:00,2620.226,2631.152,2616.053,2628.577,24282
2024-09-23 04:00:00,2628.582,2631.419,2613.823,2615.174,30275
2024-09-23 08:00:00,2615.137,2625.81,2614.588,2624.087,27360
2024-09-23 12:00:00,2624.08,2634.905,2619.984,2629.266,49956
2024-09-23 16:00:00,2629.225,2630.916,2625.689,2626.264,23821
2024-09-23 20:00:00,2626.318,2628.525,2625.845,2626.324,6398
2024-09-24 00:00:00,2626.319,2636.17,2623.796,2634.123,26512
2024-09-24 04:00:00,2634.114,2640.116,2622.548,2629.02,38993
2024-09-24 08:00:00,2629.029,2636.336,2623.363,2626.391,30131
2024-09-24 12:00:00,2626.435,2648.528,2623.487,2643.167,60527
2024-09-24 16:00:00,2643.177,2664.39,2642.406,2662.646,34570
2024-09-24 20:00:00,2662.612,2663.771,2656.441,2658.228,10853
2024-09-25 00:00:00,2658.187,2670.653,2655.462,2661.499,35890
2024-09-25 04:00:00,2661.522,2661.74,2651.357,2657.04,31528
2024-09-25 08:00:00,2657.05,2658.605,2652.722,2657.455,26667
2024-09-25 12:00:00,2657.404,2667.458,2654.185,2657.652,57747
2024-09-25 16:00:00,2657.628,2663.086,2649.602,2659.778,27567
2024-09-25 20:00:00,2659.826,2660.329,2656.227,2656.32,9019
2024-09-26 00:00:00,2656.383,2662.561,2655.305,2662.54,24584
2024-09-26 04:00:00,2662.569,2666.948,2657.954,2664.708,26523
2024-09-26 08:00:00,2664.674,2685.635,2664.605,2682.788,36331
2024-09-26 12:00:00,2682.821,2684.235,2654.741,2671.372,96550
2024-09-26 16:00:00,2671.414,2677.935,2662.97,2673.699,32712
2024-09-26 20:00:00,2673.739,2674.092,2670.829,2672.634,7408
2024-09-27 00:00:00,2672.691,2673.968,2666.214,2673.653,27915
2024-09-27 04:00:00,2673.672,2673.968,2660.914,2664.744,35782
2024-09-27 08:00:00,2664.709,2669.258,2658.308,2666.183,29608
2024-09-27 12:00:00,2666.149,2674.29,2644.729,2649.733,77206
2024-09-27 16:00:00,2649.776,2656.385,2643.018,2652.016,34863
2024-09-27 20:00:00,2651.976,2660.033,2651.15,2658.007,4324
2024-09-29 20:00:00,2661.738,2665.13,2659.786,2663.567,9856
2024-09-30 00:00:00,2663.604,2666.073,2647.288,2653.641,37946
2024-09-30 04:00:00,2653.597,2660.643,2650.654,2651.017,27599
2024-09-30 08:00:00,2650.974,2656.615,2634.469,2641.566,33564
2024-09-30 12:00:00,2641.547,2644.223,2628.71,2633.892,58117
2024-09-30 16:00:00,2633.898,2641.917,2624.703,2630.987,37935
2024-09-30 20:00:00,2631.025,2636.278,2630.741,2635.658,7948
2024-10-01 00:00:00,2635.683,2640.032,2633.935,2637.962,17679
2024-10-01 04:00:00,2637.979,2647.473,2637.436,2645.583,24276
2024-10-01 08:00:00,2645.617,2652.08,2642.461,2650.253,25542
2024-10-01 12:00:00,2650.298,2671.877,2647.97,2663.362,82192
2024-10-01 16:00:00,2663.327,2673.221,2657.539,2658.715,44786
2024-10-01 20:00:00,2658.754,2664.002,2657.836,2660.385,8035
2024-10-02 00:00:00,2660.414,2662.041,2655.103,2655.4,21201
2024-10-02 04:00:00,2655.375,2656.6,2644.519,2655.437,29716
2024-10-02 08:00:00,2655.506,2655.865,2647.965,2649.601,25873
2024-10-02 12:00:00,2649.643,2663.347,2641.062,2649.914,61715
2024-10-02 16:00:00,2649.942,2659.01,2647.126,2658.664,24074
2024-10-02 20:00:00,2658.646,2661.26,2658.289,2660.357,8379
2024-10-03 00:00:00,2660.323,2662.992,2653.297,2656.025,21770
2024-10-03 04:00:00,2655.99,2657.456,2643.515,2645.211,27239
2024-10-03 08:00:00,2645.246,2649.079,2640.985,2648.042,29243
2024-10-03 12:00:00,2648.008,2654.675,2638.0,2648.822,70683
2024-10-03 16:00:00,2648.866,2662.168,2648.514,2657.998,28604
2024-10-03 20:00:00,2658.033,2658.033,2654.343,2655.828,6950
2024-10-04 00:00:00,2655.824,2663.615,2655.468,2661.161,18876
2024-10-04 04:00:00,2661.152,2667.888,2658.727,2661.104,22702
2024-10-04 08:00:00,2661.074,2662.591,2656.807,2661.366,21872
2024-10-04 12:00:00,2661.331,2670.191,2632.054,2653.225,102589
2024-10-04 16:00:00,2653.251,2653.883,2641.837,2651.648,34354
2024-10-04 20:00:00,2651.681,2654.019,2649.872,2653.513,3391
2024-10-06 20:00:00,2651.599,2652.421,2649.696,2650.152,6844
2024-10-07 00:00:00,2650.133,2651.95,2643.868,2647.445,23634
2024-10-07 04:00:00,2647.423,2652.856,2639.611,2652.04,25492
2024-10-07 08:00:00,2652.081,2659.639,2650.621,2656.937,28148
2024-10-07 12:00:00,2656.973,2659.23,2637.752,2645.752,62780
2024-10-07 16:00:00,2645.711,2648.768,2639.71,2643.284,23833
2024-10-07 20:00:00,2643.248,2649.235,2641.792,2642.968,10088
2024-10-08 00:00:00,2642.986,2648.341,2633.75,2643.014,45157
2024-10-08 04:00:00,2642.976,2646.453,2631.119,2633.975,34091
2024-10-08 08:00:00,2634.001,2651.96,2628.511,2650.769,34349
2024-10-08 12:00:00,2650.763,2653.006,2604.71,2612.963,84524
2024-10-08 16:00:00,2613.042,2623.598,2605.467,2622.939,34687
2024-10-08 20:00:00,2622.947,2623.837,2618.835,2621.892,9299
2024-10-09 00:00:00,2621.892,2624.292,2614.872,2617.096,29279
2024-10-09 04:00:00,2617.059,2624.345,2609.163,2611.652,29934
2024-10-09 08:00:00,2611.693,2622.474,2610.429,2619.046,26542
2024-10-09 12:00:00,2619.085,2622.482,2605.213,2614.842,56830
2024-10-09 16:00:00,2614.885,2615.911,2605.14,2609.111,25527
2024-10-09 20:00:00,2609.17,2609.501,2606.905,2608.5,7188
2024-10-10 00:00:00,2608.462,2616.924,2605.928,2611.786,27957
2024-10-10 04:00:00,2611.748,2617.09,2610.226,2616.681,24408
2024-10-10 08:00:00,2616.719,2618.936,2611.33,2613.004,23251
2024-10-10 12:00:00,2613.037,2629.818,2602.296,2623.638,81075
2024-10-10 16:00:00,2623.643,2631.379,2616.466,2629.159,31401
2024-10-10 20:00:00,2629.198,2636.056,2628.095,2633.173,10126
2024-10-11 00:00:00,2633.185,2646.076,2631.976,2645.507,29103
2024-10-11 04:00:00,2645.534,2647.197,2638.061,2645.379,23528
2024-10-11 08:00:00,2645.341,2646.222,2636.177,2644.659,22414
2024-10-11 12:00:00,2644.623,2659.342,2640.634,2658.781,51338
2024-10-11 16:00:00,2658.808,2661.486,2655.264,2656.146,22509
2024-10-11 20:00:00,2656.184,2657.231,2654.752,2656.86,2817
2024-10-13 20:00:00,2650.122,2652.496,2646.89,2648.115,9835
2024-10-14 00:00:00,2648.155,2657.479,2643.099,2655.577,30699
2024-10-14 04:00:00,2655.581,2666.891,2655.218,2660.42,26029
2024-10-14 08:00:00,2660.464,2663.036,2651.011,2652.208,24467
2024-10-14 12:00:00,2652.198,2661.186,2643.964,2646.757,48437
2024-10-14 16:00:00,2646.819,2652.599,2645.769,2652.419,18354
2024-10-14 20:00:00,2652.461,2653.354,2646.099,2649.375,8187
2024-10-15 00:00:00,2649.443,2652.793,2644.473,2645.729,24266
2024-10-15 04:00:00,2645.767,2653.971,2637.999,2650.782,30762
2024-10-15 08:00:00,2650.764,2656.795,2645.62,2647.774,27065
2024-10-15 12:00:00,2647.75,2665.182,2646.027,2664.661,59538
2024-10-15 16:00:00,2664.697,2668.954,2658.995,2661.664,26043
2024-10-15 20:00:00,2661.721,2663.134,2660.293,2660.524,7133
2024-10-16 00:00:00,2660.522,2670.163,2658.746,2667.18,28511
2024-10-16 04:00:00,2667.144,2677.713,2665.616,2676.139,30737
2024-10-16 08:00:00,2676.137,2682.783,2672.999,2678.356,28112
2024-10-16 12:00:00,2678.336,2685.418,2667.586,2670.009,59831
2024-10-16 16:00:00,2669.95,2676.728,2666.686,2674.714,22549
2024-10-16 20:00:00,2674.759,2675.02,2673.102,2674.111,5936
2024-10-17 00:00:00,2674.146,2684.922,2674.093,2676.634,30747
2024-10-17 04:00:00,2676.675,2685.78,2676.425,2681.977,31907
2024-10-17 08:00:00,2682.005,2688.882,2676.973,2681.322,26174
2024-10-17 12:00:00,2681.282,2696.812,2673.167,2693.295,70975
2024-10-17 16:00:00,2693.389,2694.226,2683.983,2691.978,25866
2024-10-17 20:00:00,2692.03,2694.435,2690.991,2693.733,6013
2024-10-18 00:00:00,2693.694,2711.988,2692.788,2709.968,35082
2024-10-18 04:00:00,2709.932,2714.104,2702.232,2702.305,33063
2024-10-18 08:00:00,2702.35,2713.227,2701.681,2709.803,27886
2024-10-18 12:00:00,2709.832,2720.155,2704.945,2714.837,57696
2024-10-18 16:00:00,2714.87,2721.305,2713.6,2719.648,25011
2024-10-18 20:00:00,2719.689,2722.657,2719.205,2721.802,3661
2024-10-20 20:00:00,2723.116,2725.153,2720.222,2723.44,7424
2024-10-21 00:00:00,2723.481,2732.85,2721.064,2731.536,40069
2024-10-21 04:00:00,2731.538,2732.539,2723.578,2730.336,27590
2024-10-21 08:00:00,2730.346,2738.152,2727.74,2734.482,31413
2024-10-21 12:00:00,2734.45,2740.539,2716.857,2720.143,75126
2024-10-21 16:00:00,2720.117,2725.622,2714.205,2719.878,29230
2024-10-21 20:00:00,2719.834,2722.616,2718.779,2721.507,7823
2024-10-22 00:00:00,2721.502,2733.114,2720.657,2731.027,27184
2024-10-22 04:00:00,2730.993,2737.165,2729.039,2733.68,25319
2024-10-22 08:00:00,2733.641,2739.382,2729.46,2732.0,29683
2024-10-22 12:00:00,2732.034,2744.23,2731.577,2737.586,54853
2024-10-22 16:00:00,2737.545,2748.929,2737.141,2748.33,26234
2024-10-22 20:00:00,2748.378,2748.884,2745.844,2746.581,7395
2024-10-23 00:00:00,2746.611,2747.223,2737.779,2746.071,27065
2024-10-23 04:00:00,2746.078,2755.656,2745.371,2754.898,27584
2024-10-23 08:00:00,2754.937,2758.532,2749.158,2749.991,26571
2024-10-23 12:00:00,2749.956,2750.527,2708.628,2721.75,87110
2024-10-23 16:00:00,2721.716,2723.299,2711.956,2716.26,33642
2024-10-23 20:00:00,2716.218,2721.909,2714.167,2721.282,9406
2024-10-24 00:00:00,2721.243,2726.722,2717.785,2722.901,29702
2024-10-24 04:00:00,2722.906,2737.145,2722.848,2733.564,26718
2024-10-24 08:00:00,2733.637,2739.712,2732.513,2738.58,24542
2024-10-24 12:00:00,2738.488,2743.232,2722.4,2731.123,60973
2024-10-24 16:00:00,2731.115,2737.771,2725.782,2737.073,29904
2024-10-24 20:00:00,2737.033,2737.171,2733.646,2733.868,6729
2024-10-25 00:00:00,2733.909,2735.197,2724.396,2726.066,24448
2024-10-25 04:00:00,2726.102,2732.591,2723.887,2726.401,25647
2024-10-25 08:00:00,2726.489,2729.415,2716.982,2724.205,30284
2024-10-25 12:00:00,2724.232,2742.052,2723.229,2737.155,49349
2024-10-25 16:00:00,2737.117,2745.046,2733.946,2742.543,25026
2024-10-25 20:00:00,2742.585,2747.798,2742.493,2747.047,4211
2024-10-27 20:00:00,2733.467,2740.2,2730.364,2735.839,12800
2024-10-28 00:00:00,2735.807,2736.341,2724.695,2729.726,31158
2024-10-28 04:00:00,2729.661,2744.539,2729.117,2738.943,26079
2024-10-28 08:00:00,2738.902,2740.906,2727.863,2732.343,28714
2024-10-28 12:00:00,2732.336,2745.941,2731.195,2740.728,44173
2024-10-28 16:00:00,2740.695,2744.973,2739.969,2742.522,21340
2024-10-28 20:00:00,2742.488,2744.451,2739.798,2744.451,7503
2024-10-29 00:00:00,2744.403,2757.774,2743.291,2751.705,29391
2024-10-29 04:00:00,2751.706,2756.878,2748.922,2752.483,24985
2024-10-29 08:00:00,2752.523,2756.687,2746.226,2751.796,31152
2024-10-29 12:00:00,2751.83,2771.754,2748.166,2764.265,58313
2024-10-29 16:00:00,2764.243,2774.763,2764.127,2772.22,28785
2024-10-29 20:00:00,2772.189,2775.433,2771.846,2774.939,8024
2024-10-30 00:00:00,2774.967,2782.174,2774.802,2778.948,26996
2024-10-30 04:00:00,2778.954,2789.845,2777.418,2782.281,24497
2024-10-30 08:00:00,2782.238,2786.551,2778.237,2778.604,24866
2024-10-30 12:00:00,2778.58,2787.533,2770.854,2784.658,65969
2024-10-30 16:00:00,2784.699,2790.099,2783.024,2787.309,25126
2024-10-30 20:00:00,2787.357,2788.114,2784.801,2785.514,8695
2024-10-31 00:00:00,2785.513,2790.115,2783.578,2784.671,21474
2024-10-31 04:00:00,2784.709,2786.599,2778.053,2782.084,25527
2024-10-31 08:00:00,2782.044,2783.153,2773.329,2779.437,26325
2024-10-31 12:00:00,2779.438,2781.965,2731.539,2740.6,81837
2024-10-31 16:00:00,2740.641,2749.771,2738.028,2746.431,32878
2024-10-31 20:00:00,2746.485,2748.192,2743.293,2746.715,9622
2024-11-01 00:00:00,2746.696,2751.902,2744.839,2751.794,27234
2024-11-01 04:00:00,2751.752,2757.673,2747.063,2749.651,22858
2024-11-01 08:00:00,2749.61,2755.504,2744.842,2752.897,27169
2024-11-01 12:00:00,2752.918,2762.274,2739.678,2744.744,74717
2024-11-01 16:00:00,2744.73,2746.223,2733.137,2734.145,31019
2024-11-01 20:00:00,2734.101,2736.905,2733.291,2736.714,3639
2024-11-03 20:00:00,2732.882,2740.358,2732.617,2738.376,5463
2024-11-04 00:00:00,2738.403,2742.425,2735.367,2741.013,26898
2024-11-04 04:00:00,2740.976,2744.805,2735.084,2735.861,23554
2024-11-04 08:00:00,2735.83,2745.328,2731.843,2740.636,29087
2024-11-04 12:00:00,2740.567,2748.181,2737.694,2738.543,44927
2024-11-04 16:00:00,2738.501,2739.73,2731.744,2738.322,28752
2024-11-04 20:00:00,2738.269,2738.595,2736.03,2736.03,8974
2024-11-05 00:00:00,2736.07,2736.701,2724.718,2735.312,27268
2024-11-05 04:00:00,2735.264,2741.376,2731.729,2736.556,23104
2024-11-05 08:00:00,2736.516,2745.067,2732.114,2741.624,26991
2024-11-05 12:00:00,2741.721,2749.941,2732.945,2741.981,43480
2024-11-05 16:00:00,2742.025,2744.603,2736.353,2740.537,26384
2024-11-05 20:00:00,2740.573,2746.45,2739.643,2745.726,10271
2024-11-06 00:00:00,2745.708,2749.705,2730.675,2734.106,62652
2024-11-06 04:00:00,2734.143,2743.732,2701.343,2725.894,78401
2024-11-06 08:00:00,2725.847,2733.86,2696.042,2699.176,54480
2024-11-06 12:00:00,2699.133,2708.09,2652.359,2675.739,121979
2024-11-06 16:00:00,2675.776,2678.297,2661.598,2667.115,42880
2024-11-06 20:00:00,2667.079,2667.768,2658.982,2664.072,12999
2024-11-07 00:00:00,2664.059,2664.285,2643.232,2659.2,41932
2024-11-07 04:00:00,2659.223,2667.62,2652.817,2663.333,31072
2024-11-07 08:00:00,2663.373,2668.446,2657.447,2666.171,30409
2024-11-07 12:00:00,2666.29,2700.209,2664.3,2698.722,61819
2024-11-07 16:00:00,2698.711,2700.303,2687.448,2694.29,52390
2024-11-07 20:00:00,2694.332,2710.384,2692.842,2706.89,22119
2024-11-08 00:00:00,2706.894,2710.442,2694.058,2695.137,31603
2024-11-08 04:00:00,2695.125,2696.386,2680.31,2687.386,28829
2024-11-08 08:00:00,2687.42,2695.001,2681.93,2691.936,37341
2024-11-08 12:00:00,2691.961,2704.085,2683.403,2687.576,60392
2024-11-08 16:00:00,2687.537,2689.307,2682.837,2687.081,32136
2024-11-08 20:00:00,2687.047,2688.573,2683.007,2684.782,10771
2024-11-10 20:00:00,2683.185,2685.678,2681.55,2685.629,3703
2024-11-11 00:00:00,2685.662,2686.165,2666.468,2670.293,32880
2024-11-11 04:00:00,2670.296,2674.309,2666.92,2669.585,26283
2024-11-11 08:00:00,2669.54,2675.401,2659.016,2662.671,34815
2024-11-11 12:00:00,2662.696,2663.256,2613.382,2614.589,75286
2024-11-11 16:00:00,2614.582,2620.696,2610.554,2619.29,30846
2024-11-11 20:00:00,2619.315,2626.228,2619.257,2624.062,10893
2024-11-12 00:00:00,2624.056,2627.214,2618.741,2618.948,28439
2024-11-12 04:00:00,2618.899,2619.123,2595.194,2598.333,43177
2024-11-12 08:00:00,2598.289,2606.535,2589.657,2597.869,45625
2024-11-12 12:00:00,2597.844,2617.092,2597.411,2598.461,68282
2024-11-12 16:00:00,2598.503,2604.23,2592.454,2598.19,36888
2024-11-12 20:00:00,2598.156,2601.414,2595.136,2598.976,11786
2024-11-13 00:00:00,2599.034,2613.357,2598.026,2611.603,28805
2024-11-13 04:00:00,2611.559,2612.429,2603.514,2606.232,25116
2024-11-13 08:00:00,2606.269,2611.683,2601.055,2610.807,29175
2024-11-13 12:00:00,2610.868,2618.865,2593.595,2605.365,74685
2024-11-13 16:00:00,2605.324,2605.999,2577.531,2581.028,48406
2024-11-13 20:00:00,2580.995,2581.434,2569.238,2571.013,20860
2024-11-14 00:00:00,2571.036,2574.799,2558.899,2560.732,34193
2024-11-14 04:00:00,2560.742,2565.28,2550.385,2557.038,33088
2024-11-14 08:00:00,2556.996,2559.807,2536.771,2553.603,46083
2024-11-14 12:00:00,2553.645,2572.98,2550.094,2570.227,71282
2024-11-14 16:00:00,2570.266,2577.456,2567.11,2575.994,35262
2024-11-14 20:00:00,2576.005,2576.551,2563.89,2566.923,23533
2024-11-15 00:00:00,2566.912,2571.733,2563.051,2567.78,25424
2024-11-15 04:00:00,2567.743,2569.562,2554.416,2563.758,26267
2024-11-15 08:00:00,2563.716,2573.417,2560.845,2570.801,33494
2024-11-15 12:00:00,2570.824,2576.091,2561.242,2570.757,72772
2024-11-15 16:00:00,2570.766,2573.315,2559.425,2563.874,35453
2024-11-15 20:00:00,2563.873,2563.886,2559.782,2562.993,9851
2024-11-17 20:00:00,2568.051,2575.547,2568.051,2571.476,5722
2024-11-18 00:00:00,2571.448,2597.438,2569.89,2589.888,41855
2024-11-18 04:00:00,2589.923,2593.221,2580.444,2582.862,28005
2024-11-18 08:00:00,2582.82,2597.282,2582.056,2594.42,34591
2024-11-18 12:00:00,2594.362,2613.414,2590.382,2612.96,48787
2024-11-18 16:00:00,2612.996,2615.134,2607.365,2609.873,27045
2024-11-18 20:00:00,2609.828,2613.131,2608.216,2612.728,10641
2024-11-19 00:00:00,2612.755,2625.615,2611.069,2624.459,28406
2024-11-19 04:00:00,2624.48,2626.655,2617.71,2619.081,25842
2024-11-19 08:00:00,2619.045,2636.52,2618.698,2629.663,40632
2024-11-19 12:00:00,2629.691,2639.456,2620.936,2624.467,63101
2024-11-19 16:00:00,2624.502,2633.156,2622.319,2630.701,30945
2024-11-19 20:00:00,2630.74,2635.574,2630.438,2635.185,10927
2024-11-20 00:00:00,2635.187,2641.871,2634.7,2638.001,24757
2024-11-20 04:00:00,2638.036,2638.823,2621.256,2621.615,27516
2024-11-20 08:00:00,2621.579,2628.186,2618.863,2628.109,29910
2024-11-20 12:00:00,2628.147,2648.956,2627.064,2648.834,45050
2024-11-20 16:00:00,2648.832,2655.457,2645.381,2650.896,32634
2024-11-20 20:00:00,2650.865,2652.964,2647.294,2652.177,13090
2024-11-21 00:00:00,2652.226,2660.49,2650.382,2656.925,24871
2024-11-21 04:00:00,2656.897,2664.747,2654.649,2663.123,23050
2024-11-21 08:00:00,2663.084,2673.546,2661.999,2671.472,30371
2024-11-21 12:00:00,2671.515,2671.84,2660.378,2667.66,54547
2024-11-21 16:00:00,2667.698,2673.54,2661.33,2669.742,35149
2024-11-21 20:00:00,2669.736,2671.93,2668.077,2669.183,12018
2024-11-22 00:00:00,2669.151,2690.543,2668.868,2686.177,30182
2024-11-22 04:00:00,2686.21,2699.002,2682.999,2696.481,31173
2024-11-22 08:00:00,2696.512,2710.151,2693.578,2698.891,45266
2024-11-22 12:00:00,2698.85,2705.097,2684.465,2703.723,64481
2024-11-22 16:00:00,2703.765,2711.474,2700.769,2708.245,31808
2024-11-22 20:00:00,2708.204,2715.686,2705.126,2715.597,11633
2024-11-24 20:00:00,2711.21,2721.461,2710.772,2719.78,8475
2024-11-25 00:00:00,2719.743,2720.167,2659.021,2672.26,68252
2024-11-25 04:00:00,2672.215,2676.382,2658.229,2667.798,54485
2024-11-25 08:00:00,2667.833,2688.792,2667.151,2686.8,36854
2024-11-25 12:00:00,2686.83,2687.887,2626.245,2628.428,97128
2024-11-25 16:00:00,2628.459,2639.416,2615.543,2625.828,46705
2024-11-25 20:00:00,2625.854,2628.763,2605.143,2610.48,21773
2024-11-26 00:00:00,2610.508,2632.213,2608.501,2630.4,48596
2024-11-26 04:00:00,2630.367,2631.472,2610.856,2614.06,32375
2024-11-26 08:00:00,2614.094,2633.25,2612.441,2633.226,37933
2024-11-26 12:00:00,2633.27,2642.01,2616.688,2629.536,66485
2024-11-26 16:00:00,2629.552,2631.46,2619.522,2628.049,34289
2024-11-26 20:00:00,2628.089,2634.162,2627.451,2632.278,12206
2024-11-27 00:00:00,2632.273,2640.511,2627.041,2637.746,26785
2024-11-27 04:00:00,2637.752,2648.527,2636.579,2646.564,26415
2024-11-27 08:00:00,2646.526,2653.944,2643.211,2651.139,29710
2024-11-27 12:00:00,2651.107,2658.196,2635.543,2642.685,56828
2024-11-27 16:00:00,2642.675,2644.342,2633.717,2634.779,32577
2024-11-27 20:00:00,2634.745,2639.054,2634.249,2637.192,10253
2024-11-28 00:00:00,2637.147,2638.456,2620.868,2630.299,36069
2024-11-28 04:00:00,2630.31,2639.638,2629.349,2637.299,22460
2024-11-28 08:00:00,2637.346,2649.698,2635.692,2646.908,23679
2024-11-28 12:00:00,2646.905,2647.975,2636.239,2638.128,28594
2024-11-28 16:00:00,2638.094,2642.482,2637.543,2640.627,9110
2024-11-28 20:00:00,2638.704,2639.292,2637.168,2638.789,2375
2024-11-29 00:00:00,2638.754,2662.826,2633.993,2660.071,34700
2024-11-29 04:00:00,2660.044,2666.407,2658.347,2660.546,26047
2024-11-29 08:00:00,2660.581,2665.941,2654.495,2659.634,27757
2024-11-29 12:00:00,2659.677,2664.993,2650.561,2658.97,45899
2024-11-29 16:00:00,2659.026,2662.306,2655.186,2655.186,20140
2024-12-01 20:00:00,2649.06,2650.348,2643.081,2645.814,5628
2024-12-02 00:00:00,2645.85,2647.712,2622.921,2629.296,52711
2024-12-02 04:00:00,2629.259,2633.688,2621.842,2629.922,32639
2024-12-02 08:00:00,2629.883,2646.394,2626.538,2641.909,38286
2024-12-02 12:00:00,2641.861,2651.81,2637.072,2642.342,56343
2024-12-02 16:00:00,2642.383,2644.396,2633.57,2637.635,32900
2024-12-02 20:00:00,2637.601,2644.248,2635.312,2642.235,13793
2024-12-03 00:00:00,2642.241,2645.349,2634.057,2640.451,29925
2024-12-03 04:00:00,2640.465,2650.076,2637.104,2644.646,27180
2024-12-03 08:00:00,2644.621,2648.143,2639.193,2643.687,31318
2024-12-03 12:00:00,2643.695,2655.684,2635.218,2640.468,52906
2024-12-03 16:00:00,2640.432,2649.188,2638.861,2641.022,31776
2024-12-03 20:00:00,2640.968,2644.25,2640.65,2642.749,10230
2024-12-04 00:00:00,2642.757,2648.117,2637.642,2644.525,26558
2024-12-04 04:00:00,2644.504,2651.427,2640.358,2641.436,24349
2024-12-04 08:00:00,2641.345,2647.759,2636.614,2646.192,29553
2024-12-04 12:00:00,2646.227,2657.171,2632.354,2655.063,62440
2024-12-04 16:00:00,2655.119,2655.581,2646.817,2651.726,34351
2024-12-04 20:00:00,2651.677,2651.986,2648.09,2650.421,11152
2024-12-05 00:00:00,2650.428,2650.741,2644.624,2648.89,22611
2024-12-05 04:00:00,2648.853,2655.542,2645.349,2648.599,25361
2024-12-05 08:00:00,2648.646,2652.738,2641.845,2651.331,25251
2024-12-05 12:00:00,2651.375,2654.541,2631.821,2640.294,52135
2024-12-05 16:00:00,2640.259,2643.419,2623.468,2629.824,37759
2024-12-05 20:00:00,2629.798,2633.856,2628.001,2633.737,10575
2024-12-06 00:00:00,2633.745,2642.574,2612.955,2640.901,39651
2024-12-06 04:00:00,2640.899,2644.601,2635.329,2639.706,26992
2024-12-06 08:00:00,2639.679,2645.757,2632.368,2638.513,26443
2024-12-06 12:00:00,2638.436,2643.56,2624.035,2637.554,79099
2024-12-06 16:00:00,2637.587,2641.678,2632.985,2634.615,27778
2024-12-06 20:00:00,2634.732,2636.215,2630.943,2632.986,5067
2024-12-09 00:00:00,2647.852,2648.39,2638.28,2638.913,12424
2024-12-09 04:00:00,2638.866,2651.269,2634.577,2650.514,29886
2024-12-09 08:00:00,2650.547,2660.404,2646.118,2656.208,30097
2024-12-09 12:00:00,2656.261,2676.478,2653.307,2668.245,53356
2024-12-09 16:00:00,2668.227,2670.593,2658.883,2660.19,30209
2024-12-09 20:00:00,2660.225,2661.701,2656.673,2660.473,11471
2024-12-10 00:00:00,2660.51,2671.806,2657.982,2669.942,31918
2024-12-10 04:00:00,2669.966,2673.933,2663.671,2664.697,25205
2024-12-10 08:00:00,2664.631,2676.863,2661.185,2674.52,33645
2024-12-10 12:00:00,2674.563,2691.801,2672.332,2687.47,51086
2024-12-10 16:00:00,2687.47,2695.546,2684.577,2692.035,27869
2024-12-10 20:00:00,2692.0,2698.402,2690.901,2696.015,11198
2024-12-11 00:00:00,2695.954,2704.372,2692.352,2695.738,49471
2024-12-11 04:00:00,2695.643,2698.266,2675.526,2690.668,83602
2024-12-11 08:00:00,2690.459,2699.786,2686.345,2696.464,17752
2024-12-11 12:00:00,2696.585,2715.964,2690.667,2713.126,14565
2024-12-11 16:00:00,2713.238,2721.08,2711.212,2717.99,13288
2024-12-11 20:00:00,2718.171,2720.457,2716.077,2719.946,6704
2024-12-12 00:00:00,2720.009,2726.23,2700.287,2710.513,12020
2024-12-12 04:00:00,2710.532,2720.396,2709.713,2716.071,11357
2024-12-12 08:00:00,2716.233,2719.452,2707.334,2710.958,13525
2024-12-12 12:00:00,2711.021,2712.416,2675.102,2679.809,16909
2024-12-12 16:00:00,2679.621,2687.063,2677.272,2683.157,13118
2024-12-12 20:00:00,2683.211,2683.602,2679.483,2680.647,6830
2024-12-13 00:00:00,2680.641,2692.802,2678.895,2688.138,12466
2024-12-13 04:00:00,2687.991,2690.551,2681.135,2683.226,11930
2024-12-13 08:00:00,2683.018,2684.806,2664.414,2665.017,13283
2024-12-13 12:00:00,2664.824,2672.889,2654.608,2659.912,15018
2024-12-13 16:00:00,2659.839,2664.59,2652.164,2652.996,12329
2024-12-13 20:00:00,2653.196,2653.546,2646.07,2648.416,5299
2024-12-15 20:00:00,2649.438,2653.151,2648.828,2651.503,1932
2024-12-16 00:00:00,2651.508,2655.631,2643.517,2653.895,11531
2024-12-16 04:00:00,2653.898,2655.892,2649.569,2653.714,10615
2024-12-16 08:00:00,2653.56,2664.192,2652.334,2663.566,24266
2024-12-16 12:00:00,2663.603,2664.471,2650.857,2654.496,40335
2024-12-16 16:00:00,2654.462,2655.812,2648.531,2653.323,22784
2024-12-16 20:00:00,2653.282,2653.655,2651.484,2651.768,8909
2024-12-17 00:00:00,2651.786,2658.635,2651.153,2653.64,21632
2024-12-17 04:00:00,2653.602,2657.117,2646.441,2653.777,23159
2024-12-17 08:00:00,2653.751,2653.76,2636.231,2642.211,34938
2024-12-17 12:00:00,2642.232,2646.988,2633.015,2640.173,48271
2024-12-17 16:00:00,2640.265,2649.103,2636.689,2645.409,24363
2024-12-17 20:00:00,2645.451,2647.705,2643.107,2647.402,9053
2024-12-18 00:00:00,2647.389,2651.731,2645.228,2645.693,20950
2024-12-18 04:00:00,2645.656,2649.575,2642.69,2644.634,19919
2024-12-18 08:00:00,2644.609,2649.758,2642.098,2646.12,21468
2024-12-18 12:00:00,2646.13,2647.747,2633.725,2638.169,33607
2024-12-18 16:00:00,2638.133,2640.015,2604.058,2604.605,48238
2024-12-18 20:00:00,2604.637,2609.337,2583.333,2588.249,40707
2024-12-19 00:00:00,2588.28,2618.126,2587.981,2610.503,41672
2024-12-19 04:00:00,2610.529,2622.66,2603.324,2616.578,28781
2024-12-19 08:00:00,2616.531,2626.481,2613.237,2616.834,31622
2024-12-19 12:00:00,2616.795,2616.795,2586.975,2588.47,60199
2024-12-19 16:00:00,2588.426,2601.018,2587.158,2596.814,34267
2024-12-19 20:00:00,2596.856,2600.367,2592.331,2593.543,12277
2024-12-20 00:00:00,2593.52,2604.056,2589.617,2598.495,29055
2024-12-20 04:00:00,2598.491,2607.54,2596.445,2606.277,21692
2024-12-20 08:00:00,2606.309,2607.719,2600.065,2603.718,26126
2024-12-20 12:00:00,2603.692,2631.238,2600.364,2630.338,52604
2024-12-20 16:00:00,2630.375,2631.899,2622.166,2627.905,38402
2024-12-20 20:00:00,2627.869,2628.143,2619.226,2622.865,10930
2024-12-22 20:00:00,2623.353,2624.944,2621.764,2624.317,1854
2024-12-23 00:00:00,2624.422,2627.47,2617.522,2624.13,11182
2024-12-23 04:00:00,2623.978,2633.264,2623.887,2630.254,10457
2024-12-23 08:00:00,2630.208,2632.175,2612.983,2616.284,26273
2024-12-23 12:00:00,2616.316,2619.922,2609.273,2609.786,36741
2024-12-23 16:00:00,2609.822,2616.626,2608.102,2611.108,29915
2024-12-23 20:00:00,2611.153,2617.106,2609.171,2615.516,9401
2024-12-24 00:00:00,2615.57,2619.952,2613.541,2618.721,18446
2024-12-24 04:00:00,2618.753,2621.496,2616.446,2618.483,17709
2024-12-24 08:00:00,2618.527,2619.844,2612.417,2615.176,18392
2024-12-24 12:00:00,2615.223,2617.265,2610.043,2611.694,28488
2024-12-24 16:00:00,2611.725,2619.359,2611.516,2616.737,17957
2024-12-25 20:00:00,2615.645,2620.139,2615.395,2618.68,2411
2024-12-26 00:00:00,2618.671,2629.137,2618.639,2626.926,18374
2024-12-26 04:00:00,2626.913,2629.737,2623.623,2625.437,15760
2024-12-26 08:00:00,2625.422,2630.043,2625.156,2627.906,16241
2024-12-26 12:00:00,2627.879,2639.175,2621.73,2636.503,31125
2024-12-26 16:00:00,2636.551,2636.862,2627.909,2634.976,24444
2024-12-26 20:00:00,2634.898,2636.186,2624.696,2632.708,12231
2024-12-27 00:00:00,2632.713,2635.536,2628.91,2633.739,19921
2024-12-27 04:00:00,2633.768,2638.338,2631.274,2633.662,18846
2024-12-27 08:00:00,2633.623,2633.623,2623.476,2628.666,21159
2024-12-27 12:00:00,2628.662,2631.574,2611.632,2618.158,40820
2024-12-27 16:00:00,2618.198,2621.418,2614.141,2620.709,25182
2024-12-27 20:00:00,2620.743,2622.004,2612.736,2621.647,9787
2024-12-29 20:00:00,2622.001,2626.18,2621.656,2624.059,4007
2024-12-30 00:00:00,2624.104,2628.199,2621.51,2626.603,20550
2024-12-30 04:00:00,2626.591,2626.591,2615.837,2616.808,19130
2024-12-30 08:00:00,2616.771,2618.688,2609.116,2616.356,23511
2024-12-30 12:00:00,2616.356,2622.659,2599.586,2601.623,41122
2024-12-30 16:00:00,2601.637,2608.414,2596.066,2607.184,27687
2024-12-30 20:00:00,2607.193,2609.542,2603.887,2606.701,9453
2024-12-31 00:00:00,2606.741,2611.632,2603.532,2604.637,16558
2024-12-31 04:00:00,2604.636,2614.104,2602.615,2613.718,17720
2024-12-31 08:00:00,2613.759,2617.82,2609.738,2611.075,20698
2024-12-31 12:00:00,2611.04,2626.662,2605.324,2625.656,35185
2024-12-31 16:00:00,2625.632,2627.579,2622.253,2623.864,26097
2024-12-31 20:00:00,2623.82,2625.048,2622.214,2624.405,6136
2025-01-01 20:00:00,2625.203,2625.863,2621.665,2623.79,3110
2025-01-02 00:00:00,2623.822,2636.564,2622.744,2633.668,25884
2025-01-02 04:00:00,2633.657,2636.521,2631.074,2635.939,17586
2025-01-02 08:00:00,2635.977,2646.403,2631.147,2641.998,27583
2025-01-02 12:00:00,2642.032,2655.867,2636.029,2654.154,46760
2025-01-02 16:00:00,2654.086,2660.481,2650.058,2654.764,32352
2025-01-02 20:00:00,2654.799,2660.487,2654.175,2658.352,11210
2025-01-03 00:00:00,2658.395,2665.238,2656.133,2662.312,22414
2025-01-03 04:00:00,2662.279,2664.433,2651.948,2654.188,19292
2025-01-03 08:00:00,2654.146,2659.282,2649.914,2658.385,20832
2025-01-03 12:00:00,2657.027,2657.485,2640.976,2643.866,37935
2025-01-03 16:00:00,2643.836,2647.288,2638.978,2639.448,25258
2025-01-03 20:00:00,2639.418,2640.764,2636.668,2640.394,7947
2025-01-05 20:00:00,2639.668,2642.418,2639.668,2641.087,3245
2025-01-06 00:00:00,2641.122,2647.45,2638.628,2640.214,23633
2025-01-06 04:00:00,2640.227,2640.848,2625.082,2626.926,25094
2025-01-06 08:00:00,2626.913,2649.513,2625.779,2645.624,32089
2025-01-06 12:00:00,2645.588,2648.872,2614.45,2634.416,76204
2025-01-06 16:00:00,2634.445,2641.405,2632.537,2634.397,28713
2025-01-06 20:00:00,2634.434,2637.091,2633.156,2634.705,9201
2025-01-07 00:00:00,2634.658,2641.17,2632.942,2639.587,19362
2025-01-07 04:00:00,2639.584,2646.781,2637.044,2640.511,20130
2025-01-07 08:00:00,2640.468,2648.713,2640.074,2648.372,20907
2025-01-07 12:00:00,2648.417,2664.288,2641.909,2647.724,58145
2025-01-07 16:00:00,2647.655,2656.064,2646.407,2649.272,41388
2025-01-07 20:00:00,2649.322,2651.468,2647.219,2649.831,11122
2025-01-08 00:00:00,2649.841,2651.539,2645.593,2646.773,19016
2025-01-08 04:00:00,2646.752,2654.476,2645.253,2652.643,17549
2025-01-08 08:00:00,2652.675,2655.182,2647.619,2650.949,23424
2025-01-08 12:00:00,2650.863,2667.859,2645.831,2665.842,50275
2025-01-08 16:00:00,2665.864,2670.077,2649.412,2658.352,38730
2025-01-08 20:00:00,2658.386,2664.099,2658.3,2662.531,13649
2025-01-09 00:00:00,2662.55,2662.874,2656.294,2659.393,17684
2025-01-09 04:00:00,2659.359,2666.997,2655.495,2662.474,18717
2025-01-09 08:00:00,2662.442,2673.323,2660.459,2670.273,27485
2025-01-09 12:00:00,2670.23,2678.375,2667.22,2668.35,36001
2025-01-09 16:00:00,2668.344,2672.534,2662.715,2670.214,27906
2025-01-09 20:00:00,2670.178,2671.356,2668.516,2669.974,8310
2025-01-10 00:00:00,2670.002,2674.795,2668.997,2673.682,18568
2025-01-10 04:00:00,2673.655,2678.767,2671.58,2676.17,19646
2025-01-10 08:00:00,2676.205,2683.112,2675.737,2681.426,31101
2025-01-10 12:00:00,2681.387,2698.05,2664.015,2692.707,120055
2025-01-10 16:00:00,2692.616,2697.939,2684.61,2685.879,67854
2025-01-10 20:00:00,2685.914,2693.797,2684.524,2689.589,16902
2025-01-12 20:00:00,2689.793,2691.388,2687.598,2691.129,5113
2025-01-13 00:00:00,2691.152,2693.392,2679.318,2687.962,37536
2025-01-13 04:00:00,2688.003,2691.347,2683.297,2685.126,36392
2025-01-13 08:00:00,2685.098,2689.794,2675.473,2675.976,48748
2025-01-13 12:00:00,2675.935,2677.188,2661.069,2661.891,89117
2025-01-13 16:00:00,2661.816,2668.017,2656.792,2658.919,39478
2025-01-13 20:00:00,2658.983,2669.415,2658.758,2668.002,12772
2025-01-14 00:00:00,2668.037,2672.288,2666.421,2669.842,29921
2025-01-14 04:00:00,2669.796,2675.394,2667.169,2669.178,27822
2025-01-14 08:00:00,2669.22,2674.497,2664.443,2669.355,32501
2025-01-14 12:00:00,2669.311,2674.443,2659.826,2671.803,63835
2025-01-14 16:00:00,2671.85,2676.332,2666.727,2674.269,34461
2025-01-14 20:00:00,2674.233,2678.318,2671.861,2675.613,13356
2025-01-15 00:00:00,2675.604,2676.345,2669.408,2676.115,18828
2025-01-15 04:00:00,2676.076,2684.057,2674.17,2681.419,22719
2025-01-15 08:00:00,2681.453,2689.114,2681.187,2686.803,33042
2025-01-15 12:00:00,2686.772,2696.08,2676.668,2678.536,89263
2025-01-15 16:00:00,2678.579,2695.151,2676.949,2694.205,42489
2025-01-15 20:00:00,2694.166,2698.03,2693.263,2694.98,13130
2025-01-16 00:00:00,2695.008,2702.201,2692.881,2697.22,35195
2025-01-16 04:00:00,2697.168,2699.948,2689.931,2698.295,26764
2025-01-16 08:00:00,2698.337,2711.199,2697.148,2706.436,36115
2025-01-16 12:00:00,2706.44,2719.742,2700.104,2716.898,86729
2025-01-16 16:00:00,2716.954,2724.764,2714.68,2715.37,47655
2025-01-16 20:00:00,2715.392,2717.079,2712.425,2714.609,12974
2025-01-17 00:00:00,2714.642,2717.37,2709.858,2715.446,25918
2025-01-17 04:00:00,2715.5,2716.539,2708.609,2710.54,27898
2025-01-17 08:00:00,2710.601,2713.007,2702.791,2708.026,31208
2025-01-17 12:00:00,2708.079,2715.165,2702.755,2714.267,50804
2025-01-17 16:00:00,2714.28,2717.278,2702.904,2703.199,22153
2025-01-17 20:00:00,2703.213,2704.112,2699.266,2702.903,7307
2025-01-19 20:00:00,2702.653,2703.11,2691.571,2696.448,4792
2025-01-20 00:00:00,2696.448,2704.012,2689.421,2703.578,21446
2025-01-20 04:00:00,2703.583,2713.794,2702.303,2703.616,18141
2025-01-20 08:00:00,2703.595,2712.516,2703.017,2708.355,19718
2025-01-20 12:00:00,2708.313,2712.009,2701.981,2707.089,55185
2025-01-20 16:00:00,2707.087,2711.185,2703.206,2709.107,25795
2025-01-20 20:00:00,2708.395,2711.047,2706.627,2710.469,2924
2025-01-21 00:00:00,2710.457,2726.97,2702.841,2724.22,33837
2025-01-21 04:00:00,2724.245,2732.797,2722.719,2729.753,24340
2025-01-21 08:00:00,2729.725,2730.11,2716.532,2724.022,34501
2025-01-21 12:00:00,2724.013,2740.408,2722.046,2738.8,40848
2025-01-21 16:00:00,2738.816,2745.987,2737.863,2742.861,23475
2025-01-21 20:00:00,2742.843,2745.887,2740.106,2744.283,12520
2025-01-22 00:00:00,2744.333,2751.112,2742.737,2750.29,32946
2025-01-22 04:00:00,2750.262,2758.855,2745.593,2748.805,36527
2025-01-22 08:00:00,2748.842,2763.454,2746.794,2756.558,38385
2025-01-22 12:00:00,2756.596,2761.63,2750.353,2759.375,69131
2025-01-22 16:00:00,2759.413,2760.286,2754.933,2755.333,32324
2025-01-22 20:00:00,2755.293,2757.157,2753.904,2755.607,11985
2025-01-23 00:00:00,2755.586,2756.324,2749.498,2750.067,30344
2025-01-23 04:00:00,2750.019,2755.599,2749.814,2752.707,31170
2025-01-23 08:00:00,2752.759,2754.813,2740.895,2751.922,38847
2025-01-23 12:00:00,2751.897,2753.41,2735.794,2746.448,76160
2025-01-23 16:00:00,2746.407,2758.949,2744.199,2754.154,43285
2025-01-23 20:00:00,2754.118,2755.66,2751.33,2754.567,15483
2025-01-24 00:00:00,2754.57,2777.441,2754.353,2772.332,43100
2025-01-24 04:00:00,2772.304,2778.387,2770.551,2772.74,39171
2025-01-24 08:00:00,2772.777,2780.216,2769.978,2776.641,35666
2025-01-24 12:00:00,2776.695,2786.037,2773.747,2775.997,58251
2025-01-24 16:00:00,2775.942,2777.618,2769.918,2774.652,36615
2025-01-24 20:00:00,2774.656,2774.822,2770.484,2771.103,9551
2025-01-26 20:00:00,2765.674,2769.745,2765.209,2767.577,8222
2025-01-27 00:00:00,2767.578,2772.564,2753.895,2761.09,45614
2025-01-27 04:00:00,2761.099,2761.099,2747.213,2749.478,39693
2025-01-27 08:00:00,2749.504,2772.132,2749.315,2771.271,57215
2025-01-27 12:00:00,2771.324,2771.658,2739.523,2742.108,70893
2025-01-27 16:00:00,2742.076,2743.166,2730.502,2739.352,49972
2025-01-27 20:00:00,2739.377,2745.349,2738.171,2741.734,16505
2025-01-28 00:00:00,2741.767,2745.292,2737.839,2738.836,29967
2025-01-28 04:00:00,2738.806,2744.955,2738.354,2739.1,30165
2025-01-28 08:00:00,2739.135,2745.196,2734.806,2742.817,39134
2025-01-28 12:00:00,2742.733,2757.228,2741.215,2755.354,53986
2025-01-28 16:00:00,2755.349,2765.021,2755.246,2764.852,39692
2025-01-28 20:00:00,2764.812,2765.076,2762.411,2762.723,12409
2025-01-29 00:00:00,2762.722,2766.295,2762.258,2762.798,22914
2025-01-29 04:00:00,2762.79,2764.38,2757.438,2759.098,28899
2025-01-29 08:00:00,2759.142,2766.107,2757.032,2759.018,34815
2025-01-29 12:00:00,2758.98,2761.153,2748.224,2754.134,62169
2025-01-29 16:00:00,2754.174,2757.927,2744.783,2755.242,55405
2025-01-29 20:00:00,2755.204,2760.709,2752.769,2760.33,22839
2025-01-30 00:00:00,2760.267,2762.601,2758.929,2761.759,22122
2025-01-30 04:00:00,2761.723,2769.552,2758.707,2769.156,23858
2025-01-30 08:00:00,2769.157,2779.456,2768.346,2777.723,28270
2025-01-30 12:00:00,2777.71,2796.802,2776.085,2795.435,70580
2025-01-30 16:00:00,2795.412,2798.493,2788.821,2793.387,59847
2025-01-30 20:00:00,2793.367,2798.5,2790.773,2796.17,30226
2025-01-31 00:00:00,2796.207,2799.669,2794.456,2796.477,29126
2025-01-31 04:00:00,2796.436,2801.096,2792.191,2798.256,32312
2025-01-31 08:00:00,2798.229,2800.891,2791.024,2800.219,40833
2025-01-31 12:00:00,2800.189,2817.268,2799.974,2809.248,70327
2025-01-31 16:00:00,2809.153,2816.274,2795.309,2796.284,92491
2025-01-31 20:00:00,2796.327,2802.589,2794.067,2799.372,29754
2025-02-02 20:00:00,2801.042,2804.677,2784.358,2793.733,37028
2025-02-03 00:00:00,2793.75,2796.53,2772.178,2774.478,89435
2025-02-03 04:00:00,2774.481,2789.925,2774.216,2789.304,58508
2025-02-03 08:00:00,2789.344,2804.26,2786.989,2801.173,54422
2025-02-03 12:00:00,2801.228,2830.59,2800.454,2817.484,103984
2025-02-03 16:00:00,2817.451,2825.321,2812.788,2818.296,62456
2025-02-03 20:00:00,2818.27,2819.528,2811.916,2814.051,23892
2025-02-04 00:00:00,2814.013,2824.732,2812.633,2821.423,39625
2025-02-04 04:00:00,2821.413,2821.5,2807.192,2812.735,57896
2025-02-04 08:00:00,2812.78,2821.923,2810.128,2815.472,55617
2025-02-04 12:00:00,2815.477,2845.532,2814.459,2835.883,93755
2025-02-04 16:00:00,2835.828,2844.997,2832.479,2843.077,49456
2025-02-04 20:00:00,2843.112,2844.945,2840.406,2841.234,15894
2025-02-05 00:00:00,2841.246,2854.338,2839.715,2852.362,51834
2025-02-05 04:00:00,2852.37,2864.234,2851.845,2864.194,34077
2025-02-05 08:00:00,2864.153,2877.089,2863.55,2868.686,41020
2025-02-05 12:00:00,2868.641,2882.453,2858.618,2880.251,78667
2025-02-05 16:00:00,2880.291,2881.236,2862.689,2863.529,63035
2025-02-05 20:00:00,2863.558,2871.013,2859.902,2869.307,21875
2025-02-06 00:00:00,2869.3,2873.298,2863.722,2869.433,41684
2025-02-06 04:00:00,2869.386,2872.394,2855.004,2855.822,42886
2025-02-06 08:00:00,2855.783,2867.375,2848.908,2865.986,54450
2025-02-06 12:00:00,2866.026,2870.34,2834.079,2850.623,92756
2025-02-06 16:00:00,2850.583,2854.771,2848.092,2853.766,43655
2025-02-06 20:00:00,2853.811,2858.797,2853.595,2858.02,14601
2025-02-07 00:00:00,2858.014,2870.673,2857.746,2867.205,31186
2025-02-07 04:00:00,2867.135,2869.643,2859.02,2864.242,32250
2025-02-07 08:00:00,2864.296,2870.72,2863.245,2867.648,38711
2025-02-07 12:00:00,2867.689,2886.775,2852.385,2880.535,93323
2025-02-07 16:00:00,2880.571,2881.573,2853.341,2860.174,64165
2025-02-07 20:00:00,2860.147,2863.802,2859.399,2860.993,13897
2025-02-09 20:00:00,2861.4,2870.614,2860.123,2867.519,7947
2025-02-10 00:00:00,2867.563,2876.626,2865.846,2875.593,38176
2025-02-10 04:00:00,2875.545,2896.624,2874.314,2895.495,37911
2025-02-10 08:00:00,2895.499,2906.321,2892.237,2904.554,47978
2025-02-10 12:00:00,2904.552,2912.086,2896.284,2908.954,76323
2025-02-10 16:00:00,2909.001,2910.342,2896.656,2904.365,38487
2025-02-10 20:00:00,2904.383,2921.627,2902.904,2917.871,20823
2025-02-11 00:00:00,2917.918,2942.648,2905.421,2919.74,82396
2025-02-11 04:00:00,2919.775,2929.456,2907.148,2913.375,54722
2025-02-11 08:00:00,2913.344,2915.327,2901.888,2904.005,61793
2025-02-11 12:00:00,2904.04,2906.603,2881.754,2904.818,104070
2025-02-11 16:00:00,2904.858,2908.733,2899.575,2900.109,41981
2025-02-11 20:00:00,2900.149,2900.93,2894.06,2898.586,16718
2025-02-12 00:00:00,2898.638,2898.884,2883.784,2889.025,46688
2025-02-12 04:00:00,2889.022,2895.886,2883.692,2892.837,38233
2025-02-12 08:00:00,2892.875,2894.102,2879.341,2879.826,37681
2025-02-12 12:00:00,2879.835,2898.038,2864.126,2894.577,90501
2025-02-12 16:00:00,2894.537,2909.291,2892.053,2897.929,42559
2025-02-12 20:00:00,2897.96,2906.427,2895.541,2905.805,14250
2025-02-13 00:00:00,2905.78,2918.152,2901.461,2916.498,33927
2025-02-13 04:00:00,2916.532,2922.825,2912.483,2914.593,35141
2025-02-13 08:00:00,2914.631,2919.499,2909.488,2917.897,39498
2025-02-13 12:00:00,2917.933,2921.393,2905.786,2920.252,67614
2025-02-13 16:00:00,2920.246,2927.426,2912.911,2926.836,36615
2025-02-13 20:00:00,2926.849,2932.508,2924.876,2931.241,15424
2025-02-14 00:00:00,2931.216,2933.903,2923.188,2924.354,33594
2025-02-14 04:00:00,2924.333,2936.864,2923.794,2931.877,36408
2025-02-14 08:00:00,2931.834,2940.024,2929.27,2931.205,38941
2025-02-14 12:00:00,2931.16,2933.345,2892.894,2901.963,105549
2025-02-14 16:00:00,2901.851,2903.939,2878.715,2880.523,61648
2025-02-14 20:00:00,2880.492,2886.233,2877.015,2882.833,14438
2025-02-16 20:00:00,2893.667,2894.057,2878.454,2879.245,15880
2025-02-17 00:00:00,2879.278,2904.631,2879.278,2903.533,37348
2025-02-17 04:00:00,2903.493,2905.431,2888.235,2902.503,34149
2025-02-17 08:00:00,2902.556,2906.502,2895.068,2901.057,38949
2025-02-17 12:00:00,2901.031,2904.228,2895.422,2899.214,43431
2025-02-17 16:00:00,2899.292,2901.338,2896.538,2897.416,18061
2025-02-17 20:00:00,2899.126,2899.506,2897.13,2899.397,2059
2025-02-18 00:00:00,2899.349,2910.914,2892.027,2909.038,25921
2025-02-18 04:00:00,2909.02,2915.653,2907.197,2911.525,25655
2025-02-18 08:00:00,2911.564,2914.946,2907.041,2914.215,25770
2025-02-18 12:00:00,2914.248,2929.633,2912.078,2927.044,46530
2025-02-18 16:00:00,2927.01,2937.018,2924.21,2935.845,32529
2025-02-18 20:00:00,2935.856,2936.812,2932.417,2934.085,10954
2025-02-19 00:00:00,2934.083,2939.677,2924.082,2928.849,28263
2025-02-19 04:00:00,2928.852,2935.911,2926.511,2934.274,24527
2025-02-19 08:00:00,2934.234,2947.073,2933.742,2935.111,32046
2025-02-19 12:00:00,2935.083,2941.681,2925.45,2925.817,55402
2025-02-19 16:00:00,2925.791,2932.389,2918.548,2931.778,42386
2025-02-19 20:00:00,2931.739,2937.485,2931.338,2935.408,13192
2025-02-20 00:00:00,2935.41,2944.049,2933.876,2941.937,28770
2025-02-20 04:00:00,2941.957,2954.24,2939.291,2948.918,22960
2025-02-20 08:00:00,2948.962,2954.999,2947.172,2948.792,27421
2025-02-20 12:00:00,2948.767,2950.812,2924.104,2938.569,65723
2025-02-20 16:00:00,2938.527,2947.02,2933.552,2937.912,35606
2025-02-20 20:00:00,2938.058,2943.457,2935.55,2941.554,13845
2025-02-21 00:00:00,2941.594,2949.81,2926.31,2931.286,43601
2025-02-21 04:00:00,2931.286,2934.063,2924.21,2930.056,30561
2025-02-21 08:00:00,2930.017,2936.148,2916.706,2928.4,30313
2025-02-21 12:00:00,2928.435,2939.115,2921.612,2928.694,52088
2025-02-21 16:00:00,2928.718,2942.828,2927.327,2933.422,32879
2025-02-21 20:00:00,2933.398,2938.251,2932.129,2936.477,11594
2025-02-23 20:00:00,2939.435,2940.571,2936.522,2936.891,6067
2025-02-24 00:00:00,2936.887,2944.836,2921.356,2941.137,51158
2025-02-24 04:00:00,2941.157,2945.009,2935.269,2943.833,29656
2025-02-24 08:00:00,2943.874,2948.761,2934.96,2947.778,29209
2025-02-24 12:00:00,2947.733,2956.205,2930.658,2936.548,55912
2025-02-24 16:00:00,2936.524,2949.934,2936.474,2949.178,30343
2025-02-24 20:00:00,2949.238,2953.967,2947.062,2949.981,13701
2025-02-25 00:00:00,2950.017,2952.576,2937.559,2939.537,29821
2025-02-25 04:00:00,2939.516,2940.988,2930.542,2931.76,28633
2025-02-25 08:00:00,2931.786,2942.48,2929.577,2938.65,28486
2025-02-25 12:00:00,2938.706,2944.973,2900.522,2905.916,85017
2025-02-25 16:00:00,2905.941,2913.93,2888.258,2912.075,56298
2025-02-25 20:00:00,2912.098,2919.075,2910.841,2918.628,16574
2025-02-26 00:00:00,2918.655,2930.165,2914.84,2917.263,31139
2025-02-26 04:00:00,2917.161,2921.038,2905.881,2915.528,27074
2025-02-26 08:00:00,2915.487,2918.99,2909.542,2913.839,27317
2025-02-26 12:00:00,2913.868,2915.495,2890.693,2913.223,61156
2025-02-26 16:00:00,2913.263,2916.713,2909.929,2913.958,33489
2025-02-26 20:00:00,2913.945,2920.818,2912.02,2919.142,12488
2025-02-27 00:00:00,2919.199,2919.199,2904.376,2905.832,29297
2025-02-27 04:00:00,2905.862,2906.579,2887.948,2892.012,43114
2025-02-27 08:00:00,2891.968,2894.99,2876.974,2883.966,43577
2025-02-27 12:00:00,2884.078,2892.476,2867.764,2872.416,86974
2025-02-27 16:00:00,2872.387,2887.728,2871.79,2879.234,41328
2025-02-27 20:00:00,2879.272,2879.364,2871.363,2876.087,21651
2025-02-28 00:00:00,2876.093,2885.058,2863.691,2865.775,38109
2025-02-28 04:00:00,2865.755,2867.029,2856.966,2858.702,40416
2025-02-28 08:00:00,2858.663,2864.884,2851.088,2862.198,31908
2025-02-28 12:00:00,2862.24,2865.014,2832.602,2850.272,74934
2025-02-28 16:00:00,2850.316,2853.932,2838.1,2849.63,46284
2025-02-28 20:00:00,2849.604,2859.721,2847.814,2858.266,13102
2025-03-02 20:00:00,2873.643,2877.018,2863.996,2870.823,14064
2025-03-03 00:00:00,2870.89,2872.079,2859.283,2864.799,36220
2025-03-03 04:00:00,2864.874,2868.513,2860.156,2863.232,24768
2025-03-03 08:00:00,2863.292,2875.437,2858.854,2874.435,30901
2025-03-03 12:00:00,2874.343,2890.56,2868.858,2887.795,55061
2025-03-03 16:00:00,2887.886,2893.132,2879.721,2881.636,37455
2025-03-03 20:00:00,2881.679,2895.291,2878.301,2890.91,21317
2025-03-04 00:00:00,2890.887,2893.758,2881.974,2888.65,30457
2025-03-04 04:00:00,2888.594,2901.576,2884.395,2899.947,29079
2025-03-04 08:00:00,2899.991,2921.797,2896.731,2920.044,38822
2025-03-04 12:00:00,2920.071,2927.915,2900.332,2906.126,70915
2025-03-04 16:00:00,2906.111,2916.525,2903.777,2916.119,37269
2025-03-04 20:00:00,2916.069,2920.552,2913.293,2914.387,16649
2025-03-05 00:00:00,2914.385,2917.19,2902.118,2908.767,42908
2025-03-05 04:00:00,2908.726,2921.67,2908.6,2918.013,30915
2025-03-05 08:00:00,2917.971,2922.552,2909.034,2913.248,38047
2025-03-05 12:00:00,2913.302,2923.832,2894.29,2917.201,87367
2025-03-05 16:00:00,2917.181,2930.066,2911.213,2920.575,51480
2025-03-05 20:00:00,2920.536,2923.143,2916.735,2918.26,14199
2025-03-06 00:00:00,2918.261,2926.635,2915.898,2921.285,26162
2025-03-06 04:00:00,2921.251,2923.097,2909.781,2910.233,30570
2025-03-06 08:00:00,2910.2,2911.554,2891.183,2905.738,49650
2025-03-06 12:00:00,2905.784,2922.74,2899.264,2914.521,71060
2025-03-06 16:00:00,2914.554,2921.439,2912.361,2914.064,38824
2025-03-06 20:00:00,2914.037,2916.593,2908.397,2910.338,16951
2025-03-07 00:00:00,2910.269,2910.35,2896.628,2905.354,47803
2025-03-07 04:00:00,2905.295,2917.303,2904.745,2917.122,31901
2025-03-07 08:00:00,2917.162,2923.031,2915.27,2918.724,34197
2025-03-07 12:00:00,2918.82,2930.482,2903.594,2915.843,90396
2025-03-07 16:00:00,2915.807,2919.447,2901.884,2905.253,57887
2025-03-07 20:00:00,2905.223,2912.685,2904.74,2911.28,10906
2025-03-09 20:00:00,2912.371,2917.075,2909.61,2916.211,10324
2025-03-10 00:00:00,2916.214,2918.336,2908.152,2911.006,35732
2025-03-10 04:00:00,2910.968,2915.453,2904.348,2908.456,27521
2025-03-10 08:00:00,2908.357,2915.496,2895.66,2904.051,51492
2025-03-10 12:00:00,2904.053,2910.666,2897.639,2904.508,77918
2025-03-10 16:00:00,2904.532,2906.898,2880.19,2885.518,55250
2025-03-10 20:00:00,2885.545,2890.201,2882.356,2884.709,12064
2025-03-11 00:00:00,2884.748,2900.51,2880.117,2896.934,37561
2025-03-11 04:00:00,2896.934,2903.587,2892.776,2901.033,30244
2025-03-11 08:00:00,2901.076,2915.488,2900.44,2913.692,28233
2025-03-11 12:00:00,2913.675,2922.286,2906.843,2916.899,56756
2025-03-11 16:00:00,2916.857,2921.409,2914.095,2918.427,28489
2025-03-11 20:00:00,2918.389,2919.613,2914.438,2915.575,9962
2025-03-12 00:00:00,2915.613,2920.019,2910.89,2914.965,23704
2025-03-12 04:00:00,2915.001,2921.129,2908.928,2914.523,28306
2025-03-12 08:00:00,2914.482,2925.396,2912.662,2915.328,32505
2025-03-12 12:00:00,2915.332,2929.468,2906.051,2928.379,66320
2025-03-12 16:00:00,2928.481,2940.569,2927.914,2931.346,40156
2025-03-12 20:00:00,2931.313,2939.377,2930.808,2938.063,11219
2025-03-13 00:00:00,2938.049,2947.148,2936.535,2945.66,24279
2025-03-13 04:00:00,2945.625,2946.176,2932.944,2935.276,25516
2025-03-13 08:00:00,2935.311,2948.909,2934.792,2946.357,27236
2025-03-13 12:00:00,2946.395,2978.51,2938.959,2977.796,73413
2025-03-13 16:00:00,2977.821,2985.498,2976.387,2982.997,44845
2025-03-13 20:00:00,2983.021,2989.939,2981.277,2986.459,13006
2025-03-14 00:00:00,2986.497,2992.984,2981.767,2992.655,34516
2025-03-14 04:00:00,2992.678,2993.952,2980.811,2986.916,29385
2025-03-14 08:00:00,2986.945,3004.919,2985.203,2993.527,36448
2025-03-14 12:00:00,2993.501,2999.697,2978.445,2984.631,69094
2025-03-14 16:00:00,2984.593,2990.454,2982.164,2984.009,27449
2025-03-14 20:00:00,2983.983,2988.78,2981.657,2986.394,3485
2025-03-16 20:00:00,2987.625,2994.142,2986.078,2990.085,7886
2025-03-17 00:00:00,2990.054,2993.115,2985.244,2986.941,24484
2025-03-17 04:00:00,2986.967,2990.754,2982.182,2985.513,19490
2025-03-17 08:00:00,2985.572,3001.241,2983.077,2997.499,22034
2025-03-17 12:00:00,2997.539,3000.536,2984.742,2997.12,52836
2025-03-17 16:00:00,2997.179,3000.862,2993.051,3000.197,23614
2025-03-17 20:00:00,3000.171,3002.831,2999.607,2999.855,7178
2025-03-18 00:00:00,2999.827,3015.078,2999.514,3011.357,28112
2025-03-18 04:00:00,3011.364,3018.979,3006.09,3016.462,26847
2025-03-18 08:00:00,3016.51,3029.485,3016.369,3026.863,28777
2025-03-18 12:00:00,3026.866,3038.358,3024.744,3031.782,60272
2025-03-18 16:00:00,3031.743,3037.959,3029.801,3035.639,26632
2025-03-18 20:00:00,3035.667,3035.998,3031.536,3031.798,7879
2025-03-19 00:00:00,3031.825,3039.053,3027.344,3036.349,20229
2025-03-19 04:00:00,3036.315,3045.386,3034.28,3035.92,31326
2025-03-19 08:00:00,3035.973,3039.973,3022.768,3038.979,28259
2025-03-19 12:00:00,3038.955,3041.179,3025.869,3031.482,42452
2025-03-19 16:00:00,3031.506,3052.02,3029.387,3047.882,44309
2025-03-19 20:00:00,3047.842,3051.359,3044.229,3050.05,10376
2025-03-20 00:00:00,3050.047,3056.224,3045.052,3049.988,34968
2025-03-20 04:00:00,3050.092,3057.483,3041.804,3042.256,32546
2025-03-20 08:00:00,3042.292,3046.265,3025.65,3034.457,40531
2025-03-20 12:00:00,3034.491,3042.303,3029.907,3040.789,50274
2025-03-20 16:00:00,3040.826,3046.118,3033.908,3044.61,28130
2025-03-20 20:00:00,3044.585,3046.622,3043.541,3046.433,7033
2025-03-21 00:00:00,3046.359,3047.459,3029.998,3030.609,25633
2025-03-21 04:00:00,3030.563,3034.007,3021.577,3031.951,27893
2025-03-21 08:00:00,3032.049,3037.718,3027.073,3034.356,28024
2025-03-21 12:00:00,3034.335,3038.152,2999.409,3011.096,78148
2025-03-21 16:00:00,3011.061,3022.073,3010.684,3020.025,30211
2025-03-21 20:00:00,3020.061,3024.298,3019.998,3023.517,3772
2025-03-23 20:00:00,3023.465,3026.316,3022.167,3024.745,6794
2025-03-24 00:00:00,3024.733,3025.64,3013.67,3017.023,31912
2025-03-24 04:00:00,3017.072,3028.927,3016.548,3022.385,24544
2025-03-24 08:00:00,3022.353,3033.25,3021.863,3024.666,29515
2025-03-24 12:00:00,3024.626,3028.675,3005.769,3014.06,51339
2025-03-24 16:00:00,3014.084,3015.628,3002.489,3006.157,30517
2025-03-24 20:00:00,3006.12,3014.654,3005.583,3009.934,8774
2025-03-25 00:00:00,3009.969,3016.239,3007.569,3015.272,21543
2025-03-25 04:00:00,3015.308,3021.084,3010.545,3011.154,20088
2025-03-25 08:00:00,3011.175,3026.46,3010.705,3020.799,25570
2025-03-25 12:00:00,3020.762,3036.001,3014.156,3021.585,51503
2025-03-25 16:00:00,3021.616,3025.555,3017.745,3019.614,23115
2025-03-25 20:00:00,3019.64,3022.521,3018.856,3021.065,6386
2025-03-26 00:00:00,3021.061,3027.159,3016.418,3017.566,26372
2025-03-26 04:00:00,3017.602,3030.797,3013.242,3030.495,24929
2025-03-26 08:00:00,3030.533,3032.066,3016.91,3027.579,26153
2025-03-26 12:00:00,3027.564,3030.018,3012.349,3015.902,41800
2025-03-26 16:00:00,3015.935,3020.885,3015.181,3017.366,23353
2025-03-26 20:00:00,3017.391,3021.879,3017.222,3021.647,11643
2025-03-27 00:00:00,3021.587,3034.31,3021.546,3033.592,26213
2025-03-27 04:00:00,3033.592,3038.634,3026.723,3035.874,32044
2025-03-27 08:00:00,3035.89,3055.922,3033.781,3054.59,37300
2025-03-27 12:00:00,3054.572,3059.909,3033.427,3052.228,72185
2025-03-27 16:00:00,3052.147,3057.854,3047.811,3057.492,33167
2025-03-27 20:00:00,3057.462,3057.662,3054.168,3055.734,8377
2025-03-28 00:00:00,3055.75,3077.568,3055.017,3075.291,35034
2025-03-28 04:00:00,3075.274,3086.041,3072.47,3079.372,29595
2025-03-28 08:00:00,3079.326,3081.259,3066.177,3076.395,31362
2025-03-28 12:00:00,3076.368,3086.855,3067.279,3083.731,80702
2025-03-28 16:00:00,3083.701,3086.742,3073.521,3080.758,32800
2025-03-28 20:00:00,3080.732,3085.979,3080.732,3085.17,4565
2025-03-30 20:00:00,3092.555,3097.858,3087.817,3089.237,13285
2025-03-31 00:00:00,3089.183,3111.719,3076.814,3107.162,59173
2025-03-31 04:00:00,3107.096,3128.189,3105.949,3124.547,47576
2025-03-31 08:00:00,3124.501,3127.18,3111.844,3119.504,38691
2025-03-31 12:00:00,3119.495,3127.26,3099.777,3113.831,89146
2025-03-31 16:00:00,3113.871,3124.676,3111.661,3124.384,32482
2025-03-31 20:00:00,3124.344,3126.471,3120.048,3120.605,9955
2025-04-01 00:00:00,3120.593,3147.359,3120.224,3146.052,49907
2025-04-01 04:00:00,3146.024,3149.083,3124.155,3127.662,55729
2025-04-01 08:00:00,3127.618,3139.021,3126.416,3130.343,35879
2025-04-01 12:00:00,3130.378,3137.119,3113.425,3113.749,73394
2025-04-01 16:00:00,3113.714,3119.037,3100.785,3118.747,45232
2025-04-01 20:00:00,3118.705,3120.89,3107.766,3115.184,12614
2025-04-02 00:00:00,3115.15,3135.727,3112.994,3125.513,43396
2025-04-02 04:00:00,3125.482,3126.803,3108.659,3125.338,38052
2025-04-02 08:00:00,3125.299,3133.902,3110.076,3121.254,40337
2025-04-02 12:00:00,3121.338,3132.192,3116.621,3125.933,57633
2025-04-02 16:00:00,3125.959,3134.42,3118.69,3124.412,35015
2025-04-02 20:00:00,3124.382,3167.816,3104.819,3162.726,105548
2025-04-03 00:00:00,3162.579,3164.836,3140.741,3148.09,101127
2025-04-03 04:00:00,3148.044,3149.684,3116.416,3128.981,76057
2025-04-03 08:00:00,3129.035,3132.09,3085.085,3093.212,87882
2025-04-03 12:00:00,3093.217,3135.629,3054.076,3110.582,168215
2025-04-03 16:00:00,3110.628,3114.306,3099.973,3107.607,47738
2025-04-03 20:00:00,3107.591,3119.998,3107.224,3112.908,17586
2025-04-04 00:00:00,3112.932,3115.816,3087.013,3098.433,53782
2025-04-04 04:00:00,3098.462,3109.955,3092.017,3092.874,50038
2025-04-04 08:00:00,3092.848,3136.749,3078.472,3110.266,109523
2025-04-04 12:00:00,3110.272,3111.859,3016.963,3021.932,204632
2025-04-04 16:00:00,3021.968,3040.953,3015.58,3036.488,89861
2025-04-04 20:00:00,3036.447,3040.926,3033.864,3038.542,9051
2025-04-06 20:00:00,3028.71,3032.469,2977.048,2999.968,46549
2025-04-07 00:00:00,2999.978,3055.84,2970.725,3018.908,170162
2025-04-07 04:00:00,3018.975,3044.653,3013.224,3018.593,102023
2025-04-07 08:00:00,3018.551,3046.172,3017.676,3031.345,91028
2025-04-07 12:00:00,3031.393,3038.042,2979.85,2987.515,205311
2025-04-07 16:00:00,2987.55,2987.873,2956.326,2976.66,94850
2025-04-07 20:00:00,2976.728,2988.66,2969.95,2981.416,22764
2025-04-08 00:00:00,2981.39,3004.897,2980.342,2994.765,69846
2025-04-08 04:00:00,2994.74,3015.803,2990.904,3003.631,62842
2025-04-08 08:00:00,3003.603,3019.526,2994.819,3017.403,42667
2025-04-08 12:00:00,3017.48,3022.77,3001.246,3001.569,79354
2025-04-08 16:00:00,3001.62,3001.62,2974.62,2984.983,56785
2025-04-08 20:00:00,2985.02,2990.893,2970.002,2978.422,21907
2025-04-09 00:00:00,2978.449,3011.277,2972.481,3004.488,78765
2025-04-09 04:00:00,3004.488,3052.443,2999.505,3041.115,76751
2025-04-09 08:00:00,3041.074,3068.163,3036.098,3066.62,65579
2025-04-09 12:00:00,3066.655,3087.802,3042.65,3086.312,100095
2025-04-09 16:00:00,3086.354,3099.689,3048.545,3093.572,110169
2025-04-09 20:00:00,3093.539,3095.575,3071.461,3086.808,26898
2025-04-10 00:00:00,3086.769,3131.833,3078.472,3125.427,78038
2025-04-10 04:00:00,3125.389,3132.594,3106.635,3108.727,49206
2025-04-10 08:00:00,3108.728,3125.68,3103.206,3124.701,48196
2025-04-10 12:00:00,3124.726,3175.017,3116.063,3158.02,100507
2025-04-10 16:00:00,3158.038,3176.452,3151.569,3170.797,59459
2025-04-10 20:00:00,3170.773,3191.365,3168.517,3188.996,23668
2025-04-11 00:00:00,3189.017,3220.157,3184.879,3217.71,85426
2025-04-11 04:00:00,3217.717,3219.275,3187.15,3212.43,73443
2025-04-11 08:00:00,3212.454,3237.839,3208.535,3213.896,73449
2025-04-11 12:00:00,3213.934,3244.182,3211.057,3240.626,96966
2025-04-11 16:00:00,3240.625,3245.46,3219.597,3231.108,48798
2025-04-11 20:00:00,3231.081,3238.992,3230.888,3237.555,5161
2025-04-13 20:00:00,3220.496,3224.783,3213.625,3223.829,19791
2025-04-14 00:00:00,3223.723,3245.781,3215.404,3232.468,54660
2025-04-14 04:00:00,3232.469,3238.181,3221.41,3228.037,39578
2025-04-14 08:00:00,3227.997,3231.766,3206.347,3223.383,51933
2025-04-14 12:00:00,3223.356,3227.734,3193.576,3198.075,76112
2025-04-14 16:00:00,3198.113,3216.626,3197.661,3212.723,32594
2025-04-14 20:00:00,3212.769,3215.269,3207.366,3212.622,11446
2025-04-15 00:00:00,3212.658,3228.99,3210.001,3228.328,34929
2025-04-15 04:00:00,3228.369,3232.728,3217.385,3225.647,31259
2025-04-15 08:00:00,3225.674,3232.163,3216.8,3220.188,31481
2025-04-15 12:00:00,3220.216,3226.885,3211.599,3221.395,47829
2025-04-15 16:00:00,3221.418,3231.901,3219.511,3229.817,21564
2025-04-15 20:00:00,3229.855,3251.85,3226.452,3251.804,17864
2025-04-16 00:00:00,3251.828,3281.774,3251.614,3281.425,54623
2025-04-16 04:00:00,3281.425,3300.739,3269.371,3300.434,44808
2025-04-16 08:00:00,3300.482,3317.857,3288.624,3306.866,58283
2025-04-16 12:00:00,3306.822,3328.236,3296.884,3325.352,72857
2025-04-16 16:00:00,3325.312,3342.521,3321.457,3336.7,42335
2025-04-16 20:00:00,3336.744,3357.782,3334.461,3350.157,22453
2025-04-17 00:00:00,3350.192,3356.305,3320.825,3344.594,75119
2025-04-17 04:00:00,3344.547,3345.494,3314.303,3323.347,51633
2025-04-17 08:00:00,3323.384,3334.196,3312.681,3327.395,39091
2025-04-17 12:00:00,3327.346,3342.457,3283.846,3296.455,99647
2025-04-17 16:00:00,3296.359,3322.543,3294.928,3320.793,37717
2025-04-17 20:00:00,3320.715,3328.831,3317.999,3327.695,5330
2025-04-20 20:00:00,3331.873,3353.177,3331.312,3348.102,23649
2025-04-21 00:00:00,3348.181,3385.318,3347.511,3382.496,59963
2025-04-21 04:00:00,3382.489,3396.041,3369.622,3385.082,45534
2025-04-21 08:00:00,3385.055,3405.948,3383.701,3404.467,38831
2025-04-21 12:00:00,3404.539,3430.303,3398.032,3422.965,84616
2025-04-21 16:00:00,3422.921,3430.571,3406.012,3423.482,40416
2025-04-21 20:00:00,3423.51,3444.291,3419.652,3434.572,26909
2025-04-22 00:00:00,3434.548,3494.797,3412.204,3487.8,94805
2025-04-22 04:00:00,3487.918,3500.057,3460.885,3468.694,92118
2025-04-22 08:00:00,3468.68,3472.674,3443.175,3456.745,68442
2025-04-22 12:00:00,3456.73,3464.827,3408.621,3417.693,127084
2025-04-22 16:00:00,3417.644,3421.067,3366.742,3374.813,110188
2025-04-22 20:00:00,3374.842,3382.734,3315.852,3336.585,54354
2025-04-23 00:00:00,3336.631,3386.67,3329.227,3338.902,114677
2025-04-23 04:00:00,3338.968,3349.379,3291.813,3319.154,91214
2025-04-23 08:00:00,3319.209,3340.56,3305.463,3324.618,58576
2025-04-23 12:00:00,3324.701,3333.381,3260.066,3280.448,150475
2025-04-23 16:00:00,3280.41,3305.624,3277.847,3293.882,55623
2025-04-23 20:00:00,3293.967,3316.906,3283.927,3316.408,23716
2025-04-24 00:00:00,3316.375,3367.57,3313.31,3327.098,97853
2025-04-24 04:00:00,3326.93,3339.861,3314.766,3333.757,61318
2025-04-24 08:00:00,3333.71,3344.012,3325.452,3336.956,44700
2025-04-24 12:00:00,3336.972,3344.743,3306.763,3329.415,84261
2025-04-24 16:00:00,3329.389,3347.059,3322.461,3342.25,35454
2025-04-24 20:00:00,3342.29,3370.813,3338.152,3349.0,26790
2025-04-25 00:00:00,3348.975,3363.156,3322.656,3323.679,58460
2025-04-25 04:00:00,3323.705,3327.799,3287.036,3307.431,81101
2025-04-25 08:00:00,3307.405,3308.787,3287.935,3293.45,49074
2025-04-25 12:00:00,3293.42,3303.078,3265.096,3282.907,87753
2025-04-25 16:00:00,3282.906,3312.488,3280.362,3304.842,36930
2025-04-25 20:00:00,3304.88,3319.264,3304.593,3318.75,7498
2025-04-27 20:00:00,3325.664,3330.28,3298.63,3302.763,25730
2025-04-28 00:00:00,3302.815,3315.989,3268.126,3290.926,77555
2025-04-28 04:00:00,3290.918,3301.078,3277.669,3287.49,46427
2025-04-28 08:00:00,3287.461,3297.207,3273.292,3294.2,38768
2025-04-28 12:00:00,3294.249,3336.023,3286.875,3325.029,78472
2025-04-28 16:00:00,3325.07,3353.045,3324.52,3352.1,41069
2025-04-28 20:00:00,3352.131,3352.404,3332.386,3337.634,24167
2025-04-29 00:00:00,3337.667,3340.063,3308.04,3316.054,59345
2025-04-29 04:00:00,3316.081,3323.919,3305.108,3323.066,39314
2025-04-29 08:00:00,3323.09,3324.947,3306.183,3309.44,33225
2025-04-29 12:00:00,3309.383,3321.336,3299.673,3312.479,75319
2025-04-29 16:00:00,3312.501,3330.037,3312.205,3320.559,35055
2025-04-29 20:00:00,3320.534,3323.522,3310.973,3317.146,15576
2025-04-30 00:00:00,3317.146,3327.995,3303.787,3304.777,43127
2025-04-30 04:00:00,3304.789,3314.682,3301.35,3307.227,31537
2025-04-30 08:00:00,3307.266,3307.728,3268.326,3272.331,49649
2025-04-30 12:00:00,3272.355,3319.766,3266.925,3307.979,103198
2025-04-30 16:00:00,3308.079,3314.303,3292.077,3295.842,38636
2025-04-30 20:00:00,3295.802,3298.011,3269.762,3272.911,32019
2025-05-01 00:00:00,3272.946,3276.338,3228.918,3229.52,75466
2025-05-01 04:00:00,3229.564,3243.173,3221.252,3230.216,51905
2025-05-01 08:00:00,3230.173,3236.75,3203.358,3205.526,41317
2025-05-01 12:00:00,3205.489,3233.344,3201.886,3216.486,92533
2025-05-01 16:00:00,3216.458,3229.744,3208.936,3228.274,36055
2025-05-01 20:00:00,3228.262,3243.555,3228.063,3237.277,21930
2025-05-02 00:00:00,3237.315,3258.782,3227.557,3254.94,45043
2025-05-02 04:00:00,3255.044,3263.393,3246.351,3258.93,36613
2025-05-02 08:00:00,3259.016,3269.266,3255.185,3262.722,36547
2025-05-02 12:00:00,3262.708,3264.93,3230.252,3231.625,100345
2025-05-02 16:00:00,3231.628,3239.879,3222.745,3233.699,56319
2025-05-02 20:00:00,3233.727,3241.256,3232.651,3240.971,5914
2025-05-04 20:00:00,3238.514,3252.324,3237.514,3247.946,17299
2025-05-05 00:00:00,3248.017,3272.453,3241.204,3254.574,48405
2025-05-05 04:00:00,3254.471,3267.772,3253.64,3264.784,37543
2025-05-05 08:00:00,3264.848,3319.009,3263.084,3312.943,52998
2025-05-05 12:00:00,3312.825,3328.862,3309.03,3312.089,65098
2025-05-05 16:00:00,3312.052,3337.676,3305.601,3328.817,39952
2025-05-05 20:00:00,3328.784,3338.076,3327.45,3334.055,19422
2025-05-06 00:00:00,3334.062,3387.123,3323.163,3360.425,97643
2025-05-06 04:00:00,3360.419,3379.672,3350.176,3371.224,54270
2025-05-06 08:00:00,3371.337,3385.087,3368.571,3379.152,44783
2025-05-06 12:00:00,3379.204,3399.919,3373.125,3395.107,72806
2025-05-06 16:00:00,3395.159,3424.083,3394.697,3423.163,41755
2025-05-06 20:00:00,3423.139,3435.04,3376.864,3400.747,64790
2025-05-07 00:00:00,3400.789,3401.69,3360.092,3375.565,99174
2025-05-07 04:00:00,3375.543,3397.424,3374.986,3387.995,46261
2025-05-07 08:00:00,3388.034,3393.433,3369.21,3387.107,45567
2025-05-07 12:00:00,3387.079,3398.123,3375.686,3385.294,69140
2025-05-07 16:00:00,3385.248,3398.025,3363.716,3371.856,75763
2025-05-07 20:00:00,3371.983,3377.209,3363.815,3376.512,21361
2025-05-08 00:00:00,3376.539,3414.875,3373.809,3396.888,65704
2025-05-08 04:00:00,3396.863,3399.441,3320.223,3342.952,92242
2025-05-08 08:00:00,3342.906,3346.719,3330.414,3344.405,46419
2025-05-08 12:00:00,3344.335,3369.626,3326.828,3330.423,86783
2025-05-08 16:00:00,3330.395,3330.395,3288.721,3306.408,70017
2025-05-08 20:00:00,3306.458,3324.034,3303.852,3316.436,25752
2025-05-09 00:00:00,3316.472,3323.162,3274.688,3308.13,81044
2025-05-09 04:00:00,3308.123,3332.288,3308.123,3327.33,49825
2025-05-09 08:00:00,3327.355,3338.395,3320.241,3332.986,38986
2025-05-09 12:00:00,3333.09,3346.068,3320.322,3345.064,63294
2025-05-09 16:00:00,3345.167,3347.58,3325.465,3328.826,32146
2025-05-09 20:00:00,3328.784,3330.319,3325.166,3326.829,5135
2025-05-11 20:00:00,3282.262,3292.643,3265.871,3287.558,32376
2025-05-12 00:00:00,3287.53,3290.022,3258.775,3283.274,77816
2025-05-12 04:00:00,3283.238,3283.686,3216.129,3222.671,85577
2025-05-12 08:00:00,3222.742,3234.422,3207.717,3224.818,80122
2025-05-12 12:00:00,3224.846,3248.604,3220.347,3239.261,95200
2025-05-12 16:00:00,3239.23,3240.162,3220.319,3235.418,41773
2025-05-12 20:00:00,3235.379,3241.831,3229.888,3236.904,18088
2025-05-13 00:00:00,3236.93,3243.447,3215.885,3236.767,57868
2025-05-13 04:00:00,3236.743,3265.683,3234.877,3259.122,44386
2025-05-13 08:00:00,3259.163,3261.308,3248.787,3249.158,34786
2025-05-13 12:00:00,3249.122,3255.851,3225.496,3253.349,82293
2025-05-13 16:00:00,3253.317,3257.842,3242.068,3249.348,30822
2025-05-13 20:00:00,3249.379,3257.189,3248.067,3254.45,12959
2025-05-14 00:00:00,3254.412,3254.682,3226.236,3228.39,52507
2025-05-14 04:00:00,3228.394,3238.898,3221.594,3238.109,42243
2025-05-14 08:00:00,3238.014,3243.921,3219.46,3220.166,45703
2025-05-14 12:00:00,3220.129,3222.544,3174.924,3182.698,111566
2025-05-14 16:00:00,3182.653,3190.965,3167.981,3180.611,45274
2025-05-14 20:00:00,3180.637,3187.336,3177.102,3186.032,15032
2025-05-15 00:00:00,3185.958,3192.767,3148.339,3150.618,57371
2025-05-15 04:00:00,3150.57,3153.916,3120.673,3142.342,65018
2025-05-15 08:00:00,3142.268,3180.043,3139.103,3179.204,47736
2025-05-15 12:00:00,3179.165,3220.112,3177.531,3219.764,80452
2025-05-15 16:00:00,3219.804,3232.747,3215.897,3232.061,33550
2025-05-15 20:00:00,3231.925,3252.156,3231.118,3237.174,26792
2025-05-16 00:00:00,3237.199,3244.639,3206.529,3211.993,66251
2025-05-16 04:00:00,3211.944,3231.367,3205.402,3207.705,48166
2025-05-16 08:00:00,3207.596,3212.978,3154.255,3163.139,62656
2025-05-16 12:00:00,3163.173,3188.63,3154.902,3183.503,93356
2025-05-16 16:00:00,3183.538,3195.787,3180.456,3192.607,34041
2025-05-16 20:00:00,3192.577,3202.978,3192.154,3202.183,8673
2025-05-18 20:00:00,3214.25,3245.284,3211.668,3234.934,28708
2025-05-19 00:00:00,3234.971,3249.836,3208.064,3212.294,68539
2025-05-19 04:00:00,3212.253,3234.664,3206.608,3232.359,47062
2025-05-19 08:00:00,3232.385,3248.559,3229.997,3243.844,40210
2025-05-19 12:00:00,3243.841,3244.468,3217.24,3231.686,67502
2025-05-19 16:00:00,3231.711,3235.89,3225.19,3233.034,28997
2025-05-19 20:00:00,3233.08,3233.815,3219.121,3222.556,14917
2025-05-20 00:00:00,3222.585,3232.827,3204.559,3211.474,52078
2025-05-20 04:00:00,3211.418,3225.484,3207.97,3222.867,40449
2025-05-20 08:00:00,3222.843,3241.675,3218.299,3241.26,35238
2025-05-20 12:00:00,3241.163,3285.91,3232.828,3277.263,88325
2025-05-20 16:00:00,3277.236,3295.196,3275.256,3294.102,32431
2025-05-20 20:00:00,3294.154,3304.168,3288.554,3290.719,26451
2025-05-21 00:00:00,3290.758,3314.733,3285.444,3307.529,60367
2025-05-21 04:00:00,3307.515,3320.76,3298.428,3309.93,45459
2025-05-21 08:00:00,3309.957,3318.318,3303.97,3311.273,39038
2025-05-21 12:00:00,3311.279,3315.235,3290.717,3312.002,76823
2025-05-21 16:00:00,3312.036,3324.921,3302.782,3318.406,42483
2025-05-21 20:00:00,3318.447,3324.237,3313.216,3320.106,20358
2025-05-22 00:00:00,3320.162,3345.454,3319.413,3335.464,51423
2025-05-22 04:00:00,3335.475,3339.526,3322.632,3327.645,40211
2025-05-22 08:00:00,3327.66,3329.898,3283.001,3314.354,64827
2025-05-22 12:00:00,3314.329,3315.799,3279.276,3294.699,93171
2025-05-22 16:00:00,3294.746,3304.884,3289.006,3290.288,38254
2025-05-22 20:00:00,3290.32,3302.037,3289.617,3300.17,14861
2025-05-23 00:00:00,3300.196,3308.932,3286.966,3302.094,53884
2025-05-23 04:00:00,3302.121,3334.526,3301.939,3329.169,42584
2025-05-23 08:00:00,3329.215,3349.764,3322.572,3347.99,55156
2025-05-23 12:00:00,3348.042,3364.644,3336.655,3361.679,112401
2025-05-23 16:00:00,3361.711,3365.954,3356.372,3360.809,33751
2025-05-23 20:00:00,3360.767,3361.724,3356.127,3356.309,5509
2025-05-25 20:00:00,3352.117,3352.504,3341.373,3342.715,22906
2025-05-26 00:00:00,3342.754,3356.883,3331.414,3347.66,50803
2025-05-26 04:00:00,3347.663,3351.93,3332.148,3337.333,35094
2025-05-26 08:00:00,3337.455,3339.694,3323.509,3333.173,31290
2025-05-26 12:00:00,3333.176,3341.648,3326.374,3338.022,31088
2025-05-26 16:00:00,3338.008,3343.663,3337.545,3341.582,7836
2025-05-26 20:00:00,3346.482,3348.887,3342.853,3346.163,9246
2025-05-27 00:00:00,3346.206,3350.053,3331.754,3341.241,34507
2025-05-27 04:00:00,3341.212,3341.509,3292.559,3296.268,62068
2025-05-27 08:00:00,3296.238,3310.368,3287.748,3288.397,53765
2025-05-27 12:00:00,3288.423,3304.95,3285.113,3293.629,59792
2025-05-27 16:00:00,3293.636,3308.032,3292.993,3304.404,23765
2025-05-27 20:00:00,3304.38,3310.981,3297.645,3309.426,15691
2025-05-28 00:00:00,3309.455,3315.794,3291.698,3297.785,43220
2025-05-28 04:00:00,3297.745,3322.417,3294.407,3319.273,38661
2025-05-28 08:00:00,3319.324,3325.575,3307.485,3311.134,32519
2025-05-28 12:00:00,3311.192,3316.462,3292.534,3296.118,55330
2025-05-28 16:00:00,3296.149,3303.089,3288.584,3297.007,30450
2025-05-28 20:00:00,3297.03,3297.364,3250.297,3259.919,44934
2025-05-29 00:00:00,3259.945,3280.189,3245.463,3274.569,75310
2025-05-29 04:00:00,3274.659,3287.529,3266.01,3286.585,38942
2025-05-29 08:00:00,3286.541,3305.573,3276.286,3299.743,36800
2025-05-29 12:00:00,3299.868,3322.075,3298.574,3321.602,68819
2025-05-29 16:00:00,3321.688,3331.249,3315.536,3316.639,34455
2025-05-29 20:00:00,3316.61,3321.119,3312.878,3315.527,13656
2025-05-30 00:00:00,3315.522,3322.766,3291.243,3294.555,48033
2025-05-30 04:00:00,3294.482,3305.018,3287.394,3295.026,39677
2025-05-30 08:00:00,3294.999,3300.693,3288.644,3294.079,33320
2025-05-30 12:00:00,3294.078,3308.335,3271.55,3288.7,101728
2025-05-30 16:00:00,3288.64,3295.802,3283.981,3294.85,36755
2025-05-30 20:00:00,3294.961,3295.858,3288.666,3289.689,4799
2025-06-01 20:00:00,3303.137,3316.766,3299.897,3310.279,17003
2025-06-02 00:00:00,3310.237,3314.983,3301.433,3308.767,37616
2025-06-02 04:00:00,3308.83,3359.061,3308.815,3352.586,43050
2025-06-02 08:00:00,3352.679,3360.176,3344.385,3356.348,37254
2025-06-02 12:00:00,3356.32,3379.088,3350.343,3374.318,68018
2025-06-02 16:00:00,3374.343,3382.37,3369.309,3381.563,30382
2025-06-02 20:00:00,3381.523,3392.262,3378.388,3387.48,18055
2025-06-03 00:00:00,3387.431,3388.711,3359.709,3361.111,56918
2025-06-03 04:00:00,3361.198,3367.739,3351.173,3359.672,41980
2025-06-03 08:00:00,3359.776,3364.929,3353.329,3359.318,29170
2025-06-03 12:00:00,3359.347,3363.147,3333.077,3350.328,62444
2025-06-03 16:00:00,3350.392,3355.561,3344.657,3352.681,23067
2025-06-03 20:00:00,3352.641,3361.681,3352.493,3360.02,11139
2025-06-04 00:00:00,3359.967,3372.651,3346.476,3359.27,40398
2025-06-04 04:00:00,3359.26,3365.241,3348.023,3354.745,36501
2025-06-04 08:00:00,3354.703,3364.996,3343.744,3346.601,35093
2025-06-04 12:00:00,3346.637,3384.733,3344.354,3371.787,68618
2025-06-04 16:00:00,3371.748,3382.241,3370.856,3373.638,24693
2025-06-04 20:00:00,3373.59,3379.104,3370.532,3378.066,12453
2025-06-05 00:00:00,3378.123,3384.207,3368.196,3369.698,37903
2025-06-05 04:00:00,3369.707,3374.558,3361.204,3371.328,32169
2025-06-05 08:00:00,3371.29,3403.616,3369.665,3392.317,49010
2025-06-05 12:00:00,3392.351,3400.221,3339.394,3344.797,136250
2025-06-05 16:00:00,3344.705,3361.428,3339.835,3356.909,46598
2025-06-05 20:00:00,3356.885,3363.616,3352.011,3361.834,16985
2025-06-06 00:00:00,3361.891,3371.835,3356.157,3369.771,35004
2025-06-06 04:00:00,3369.69,3375.709,3352.85,3359.398,36841
2025-06-06 08:00:00,3359.443,3367.806,3352.727,3358.316,32177
2025-06-06 12:00:00,3358.332,3364.445,3316.293,3332.247,120917
2025-06-06 16:00:00,3332.206,3332.798,3311.382,3312.369,35908
2025-06-06 20:00:00,3312.406,3312.92,3307.077,3311.726,5573
2025-06-08 20:00:00,3317.843,3321.239,3309.264,3318.062,14524
2025-06-09 00:00:00,3318.106,3318.723,3293.452,3310.793,51042
2025-06-09 04:00:00,3310.823,3328.676,3309.297,3324.262,31060
2025-06-09 08:00:00,3324.293,3325.709,3312.087,3317.48,29480
2025-06-09 12:00:00,3317.436,3332.094,3310.722,3328.689,50278
2025-06-09 16:00:00,3328.692,3338.264,3325.918,3327.265,25220
2025-06-09 20:00:00,3327.225,3329.524,3321.607,3326.79,12406
2025-06-10 00:00:00,3326.833,3326.875,3301.941,3307.626,47214
2025-06-10 04:00:00,3307.616,3332.225,3302.813,3330.204,43396
2025-06-10 08:00:00,3330.114,3342.611,3326.218,3333.804,29555
2025-06-10 12:00:00,3333.841,3349.177,3323.189,3326.716,59707
2025-06-10 16:00:00,3326.677,3334.56,3319.382,3328.74,28204
2025-06-10 20:00:00,3328.781,3328.982,3315.541,3327.886,19898
2025-06-11 00:00:00,3327.96,3341.59,3325.032,3339.44,34861
2025-06-11 04:00:00,3339.411,3348.555,3332.5,3345.72,31870
2025-06-11 08:00:00,3345.688,3346.766,3326.134,3333.096,36200
2025-06-11 12:00:00,3333.176,3360.788,3327.22,3333.291,92230
2025-06-11 16:00:00,3333.271,3349.292,3319.244,3346.873,50001
2025-06-11 20:00:00,3346.9,3373.558,3346.546,3365.4,25906
2025-06-12 00:00:00,3365.429,3377.828,3362.144,3373.45,47360
2025-06-12 04:00:00,3373.433,3375.807,3338.56,3346.192,43154
2025-06-12 08:00:00,3346.216,3388.605,3346.216,3379.309,56699
2025-06-12 12:00:00,3379.276,3399.069,3376.361,3385.9,85738
2025-06-12 16:00:00,3385.93,3391.398,3378.121,3388.163,31707
2025-06-12 20:00:00,3388.135,3396.344,3379.657,3395.906,15112
2025-06-13 00:00:00,3395.861,3444.424,3391.717,3425.581,111304
2025-06-13 04:00:00,3425.567,3430.334,3407.903,3414.957,55420
2025-06-13 08:00:00,3414.887,3427.708,3411.619,3422.241,49341
2025-06-13 12:00:00,3422.231,3446.843,3420.93,3426.23,78527
2025-06-13 16:00:00,3426.282,3439.497,3419.227,3432.331,39915
2025-06-13 20:00:00,3432.376,3434.804,3428.989,3433.473,6166
2025-06-15 20:00:00,3440.991,3451.275,3438.615,3444.165,24939
2025-06-16 00:00:00,3444.19,3451.248,3429.268,3431.452,51200
2025-06-16 04:00:00,3431.52,3433.285,3409.483,3412.643,48867
2025-06-16 08:00:00,3412.648,3422.721,3409.797,3415.024,36232
2025-06-16 12:00:00,3415.067,3418.152,3382.749,3404.65,86303
2025-06-16 16:00:00,3404.558,3405.016,3382.814,3384.118,32264
2025-06-16 20:00:00,3384.039,3403.001,3383.318,3402.793,20528
2025-06-17 00:00:00,3402.839,3403.28,3373.487,3387.607,52336
2025-06-17 04:00:00,3387.581,3396.313,3381.098,3387.807,36278
2025-06-17 08:00:00,3387.808,3400.227,3375.699,3388.659,45551
2025-06-17 12:00:00,3388.674,3397.56,3366.103,3379.308,78965
2025-06-17 16:00:00,3379.41,3392.523,3376.675,3385.734,38559
2025-06-17 20:00:00,3385.699,3396.241,3383.658,3387.416,15308
2025-06-18 00:00:00,3387.319,3391.548,3370.679,3390.984,35220
2025-06-18 04:00:00,3390.952,3400.035,3377.061,3386.015,36499
2025-06-18 08:00:00,3385.952,3388.439,3375.457,3382.072,31112
2025-06-18 12:00:00,3382.023,3396.876,3373.857,3392.704,58408
2025-06-18 16:00:00,3392.755,3395.851,3362.891,3366.842,62985
2025-06-18 20:00:00,3366.795,3379.914,3362.498,3375.047,20924
2025-06-19 00:00:00,3375.066,3387.992,3369.708,3373.633,35654
2025-06-19 04:00:00,3373.633,3375.35,3347.48,3365.978,51545
2025-06-19 08:00:00,3365.992,3379.074,3362.234,3371.991,34203
2025-06-19 12:00:00,3371.995,3372.987,3361.521,3369.284,41355
2025-06-19 16:00:00,3369.247,3374.164,3366.179,3373.479,7476
2025-06-19 20:00:00,3369.515,3370.469,3362.01,3368.763,14116
2025-06-20 00:00:00,3368.787,3370.374,3344.649,3355.531,40529
2025-06-20 04:00:00,3355.563,3357.68,3340.369,3347.715,34429
2025-06-20 08:00:00,3347.681,3359.248,3346.564,3347.075,30572
2025-06-20 12:00:00,3347.118,3374.501,3341.911,3369.88,54346
2025-06-20 16:00:00,3369.81,3373.389,3364.63,3365.649,21412
2025-06-20 20:00:00,3365.602,3369.338,3364.714,3368.57,4102
2025-06-22 20:00:00,3384.141,3388.984,3371.197,3372.779,26322
2025-06-23 00:00:00,3372.8,3373.575,3351.87,3363.396,45415
2025-06-23 04:00:00,3363.409,3365.085,3346.995,3357.651,32037
2025-06-23 08:00:00,3357.696,3382.079,3357.696,3380.62,32657
2025-06-23 12:00:00,3380.691,3389.844,3355.892,3387.264,63691
2025-06-23 16:00:00,3387.224,3393.589,3375.631,3376.386,48182
2025-06-23 20:00:00,3376.344,3377.319,3341.486,3344.259,32780
2025-06-24 00:00:00,3344.294,3357.936,3333.192,3352.5,49853
2025-06-24 04:00:00,3352.427,3353.443,3316.046,3329.669,56450
2025-06-24 08:00:00,3329.682,3332.344,3317.853,3321.238,35634
2025-06-24 12:00:00,3321.205,3321.205,3295.363,3313.285,76584
2025-06-24 16:00:00,3313.32,3325.208,3311.3,3323.503,27158
2025-06-24 20:00:00,3323.55,3324.906,3320.866,3324.166,10128
2025-06-25 00:00:00,3324.163,3335.233,3323.651,3328.319,26393
2025-06-25 04:00:00,3328.308,3337.12,3325.821,3330.655,23184
2025-06-25 08:00:00,3330.68,3332.438,3321.421,3322.691,29352
2025-06-25 12:00:00,3322.684,3329.523,3311.918,3325.651,40173
2025-06-25 16:00:00,3325.691,3336.092,3324.166,3333.73,27225
2025-06-25 20:00:00,3333.769,3340.182,3331.288,3339.052,13241
2025-06-26 00:00:00,3339.011,3343.247,3329.205,3338.015,29998
2025-06-26 04:00:00,3338.05,3347.263,3330.991,3346.075,26914
2025-06-26 08:00:00,3346.09,3350.394,3331.493,3332.945,30659
2025-06-26 12:00:00,3332.961,3344.08,3309.971,3324.832,69794
2025-06-26 16:00:00,3324.905,3336.525,3323.753,3331.325,26737
2025-06-26 20:00:00,3331.431,3332.351,3316.253,3318.782,13455
2025-06-27 00:00:00,3318.791,3322.036,3292.581,3294.342,38400
2025-06-27 04:00:00,3294.388,3300.965,3283.418,3284.482,45777
2025-06-27 08:00:00,3284.526,3291.156,3276.033,3281.413,40190
2025-06-27 12:00:00,3281.382,3282.327,3255.845,3274.679,80201
2025-06-27 16:00:00,3274.598,3282.826,3268.364,3270.602,32140
2025-06-27 20:00:00,3270.64,3275.524,3270.277,3274.55,4750
2025-06-29 20:00:00,3272.512,3274.273,3247.945,3263.83,27905
2025-06-30 00:00:00,3263.799,3283.317,3259.48,3279.005,40096
2025-06-30 04:00:00,3279.02,3296.874,3276.988,3292.897,28554
2025-06-30 08:00:00,3292.903,3296.618,3274.512,3277.956,32183
2025-06-30 12:00:00,3278.017,3290.785,3277.979,3289.649,41633
2025-06-30 16:00:00,3289.693,3309.474,3289.097,3308.558,26710
2025-06-30 20:00:00,3308.526,3314.626,3302.326,3312.465,15479
2025-07-01 00:00:00,3312.517,3322.707,3309.941,3321.185,30202
2025-07-01 04:00:00,3321.197,3339.955,3318.917,3339.521,30045
2025-07-01 08:00:00,3339.525,3353.106,3336.777,3349.041,30769
2025-07-01 12:00:00,3349.014,3358.039,3337.005,3340.252,57180
2025-07-01 16:00:00,3340.239,3343.547,3336.855,3338.029,25425
2025-07-01 20:00:00,3338.066,3343.85,3336.795,3338.176,13758
2025-07-02 00:00:00,3338.21,3345.023,3328.533,3339.983,34464
2025-07-02 04:00:00,3339.949,3343.975,3327.611,3334.595,28201
2025-07-02 08:00:00,3334.629,3347.776,3332.877,3342.223,25000
2025-07-02 12:00:00,3342.238,3351.152,3333.866,3341.045,48405
2025-07-02 16:00:00,3340.967,3359.543,3340.967,3358.282,22200
2025-07-02 20:00:00,3358.326,3365.75,3348.778,3349.419,17795
2025-07-03 00:00:00,3349.444,3351.495,3341.904,3347.533,26406
2025-07-03 04:00:00,3347.461,3363.701,3347.408,3353.101,26497
2025-07-03 08:00:00,3353.12,3358.407,3343.005,3346.097,27225
2025-07-03 12:00:00,3346.065,3352.332,3311.559,3328.069,74529
2025-07-03 16:00:00,3328.13,3334.886,3325.7,3328.773,15619
2025-07-03 20:00:00,3328.737,3332.049,3323.594,3330.895,9808
2025-07-04 00:00:00,3330.899,3338.972,3325.891,3338.374,23787
2025-07-04 04:00:00,3338.331,3345.151,3336.408,3342.971,24306
2025-07-04 08:00:00,3342.974,3344.282,3331.49,3334.819,22746
2025-07-04 12:00:00,3334.815,3338.083,3330.821,3332.418,23436
2025-07-04 16:00:00,3332.381,3335.954,3332.246,3335.022,2595
2025-07-06 20:00:00,3341.432,3341.942,3326.211,3328.877,11990
2025-07-07 00:00:00,3328.854,3329.75,3306.006,3310.872,40918
2025-07-07 04:00:00,3310.916,3315.269,3300.664,3302.241,35057
2025-07-07 08:00:00,3302.271,3312.798,3296.32,3301.934,39568
2025-07-07 12:00:00,3301.964,3322.055,3300.4,3320.86,46001
2025-07-07 16:00:00,3320.808,3340.462,3320.106,3337.005,29923
2025-07-07 20:00:00,3337.049,3345.847,3333.945,3334.677,14617
2025-07-08 00:00:00,3334.721,3338.059,3329.619,3331.493,31738
2025-07-08 04:00:00,3331.442,3339.524,3327.328,3333.936,25086
2025-07-08 08:00:00,3333.901,3333.901,3319.964,3324.988,29563
2025-07-08 12:00:00,3325.038,3329.888,3287.047,3298.265,59232
2025-07-08 16:00:00,3298.273,3310.45,3295.962,3303.016,36172
2025-07-08 20:00:00,3303.044,3304.098,3297.223,3302.301,13971
2025-07-09 00:00:00,3302.346,3308.027,3284.957,3293.274,35939
2025-07-09 04:00:00,3293.268,3297.899,3285.519,3291.876,32817
2025-07-09 08:00:00,3291.846,3296.013,3282.68,3284.96,30175
2025-07-09 12:00:00,3284.993,3312.94,3284.993,3309.63,45540
2025-07-09 16:00:00,3309.579,3316.898,3307.937,3315.629,23087
2025-07-09 20:00:00,3315.669,3321.2,3311.581,3317.664,11178
2025-07-10 00:00:00,3317.583,3326.439,3315.386,3315.782,25412
2025-07-10 04:00:00,3315.706,3329.51,3314.797,3321.071,23381
2025-07-10 08:00:00,3321.095,3330.342,3318.355,3320.435,27433
2025-07-10 12:00:00,3320.448,3329.496,3310.041,3319.749,48413
2025-07-10 16:00:00,3319.735,3325.934,3312.132,3324.85,23023
2025-07-10 20:00:00,3324.875,3326.5,3321.861,3323.832,11343
2025-07-11 00:00:00,3323.788,3336.178,3323.662,3333.789,31097
2025-07-11 04:00:00,3333.775,3343.851,3329.513,3341.857,31540
2025-07-11 08:00:00,3341.813,3350.299,3332.693,3347.531,31811
2025-07-11 12:00:00,3347.55,3368.76,3344.38,3358.939,60827
2025-07-11 16:00:00,3358.908,3359.82,3349.202,3356.435,27921
2025-07-11 20:00:00,3356.483,3358.983,3353.607,3355.129,3724
2025-07-13 20:00:00,3361.319,3374.041,3359.682,3367.796,17883
2025-07-14 00:00:00,3367.755,3373.342,3353.889,3356.988,33767
2025-07-14 04:00:00,3356.976,3375.102,3353.73,3371.972,31228
2025-07-14 08:00:00,3371.98,3374.671,3363.941,3364.193,25700
2025-07-14 12:00:00,3364.216,3366.628,3340.978,3345.129,47816
2025-07-14 16:00:00,3345.068,3351.717,3343.106,3344.149,21777
2025-07-14 20:00:00,3344.127,3346.58,3341.241,3345.361,9801
2025-07-15 00:00:00,3345.323,3358.348,3344.782,3357.865,22281
2025-07-15 04:00:00,3357.877,3365.446,3357.494,3364.371,23611
2025-07-15 08:00:00,3364.351,3366.38,3354.009,3354.956,28229
2025-07-15 12:00:00,3354.916,3360.409,3325.387,3329.02,65554
2025-07-15 16:00:00,3328.981,3331.96,3320.242,3330.479,27952
2025-07-15 20:00:00,3330.432,3331.8,3324.812,3331.08,9292
2025-07-16 00:00:00,3331.116,3335.141,3325.077,3334.354,23112
2025-07-16 04:00:00,3334.305,3342.026,3332.842,3337.833,21216
2025-07-16 08:00:00,3337.848,3343.096,3333.744,3339.283,23002
2025-07-16 12:00:00,3339.243,3377.547,3319.553,3343.577,115580
2025-07-16 16:00:00,3343.548,3357.434,3338.91,3347.104,46554
2025-07-16 20:00:00,3347.14,3352.271,3345.289,3346.55,11081
2025-07-17 00:00:00,3346.58,3347.429,3336.265,3341.51,23684
2025-07-17 04:00:00,3341.535,3344.75,3325.232,3325.91,26981
2025-07-17 08:00:00,3325.949,3332.547,3322.382,3324.278,24864
2025-07-17 12:00:00,3324.285,3338.451,3309.907,3336.731,57546
2025-07-17 16:00:00,3336.699,3341.122,3335.402,3339.787,20705
2025-07-17 20:00:00,3339.803,3344.033,3337.433,3340.163,11354
2025-07-18 00:00:00,3340.2,3344.285,3334.062,3334.624,23936
2025-07-18 04:00:00,3334.622,3350.117,3331.825,3349.847,23318
2025-07-18 08:00:00,3349.873,3357.738,3346.261,3354.427,23918
2025-07-18 12:00:00,3354.482,3361.26,3351.161,3353.678,41010
2025-07-18 16:00:00,3353.653,3357.555,3347.692,3348.34,21909
2025-07-18 20:00:00,3348.303,3352.122,3347.828,3350.419,3463
2025-07-20 20:00:00,3348.791,3350.139,3345.039,3349.152,7784
2025-07-21 00:00:00,3349.192,3358.665,3347.68,3351.31,21787
2025-07-21 04:00:00,3351.299,3370.809,3350.642,3364.787,25753
2025-07-21 08:00:00,3364.824,3375.618,3362.698,3375.326,22965
2025-07-21 12:00:00,3375.295,3401.599,3374.555,3398.018,51340
2025-07-21 16:00:00,3398.007,3399.811,3391.492,3398.861,26095
2025-07-21 20:00:00,3398.768,3402.807,3393.232,3396.556,11285
2025-07-22 00:00:00,3396.564,3397.689,3385.13,3392.615,28605
2025-07-22 04:00:00,3392.541,3392.574,3383.264,3387.658,23088
2025-07-22 08:00:00,3387.615,3391.687,3384.552,3391.372,22376
2025-07-22 12:00:00,3391.402,3430.638,3391.04,3426.621,65192
2025-07-22 16:00:00,3426.664,3433.531,3426.269,3431.762,29349
2025-07-22 20:00:00,3431.707,3433.336,3426.307,3427.482,13421
2025-07-23 00:00:00,3427.457,3439.004,3419.178,3423.177,37667
2025-07-23 04:00:00,3423.087,3429.726,3416.346,3420.744,27758
2025-07-23 08:00:00,3420.778,3433.879,3420.329,3428.204,27300
2025-07-23 12:00:00,3428.194,3430.024,3398.158,3398.158,52014
2025-07-23 16:00:00,3398.13,3398.13,3381.426,3390.105,51314
2025-07-23 20:00:00,3390.146,3392.534,3386.147,3390.032,11414
2025-07-24 00:00:00,3390.084,3393.462,3374.752,3383.786,36696
2025-07-24 04:00:00,3383.69,3385.413,3366.006,3367.781,29032
2025-07-24 08:00:00,3367.791,3374.751,3361.277,3362.32,26525
2025-07-24 12:00:00,3362.278,3377.445,3351.339,3372.565,52093
2025-07-24 16:00:00,3372.539,3373.726,3366.291,3370.502,21030
2025-07-24 20:00:00,3370.541,3371.431,3365.155,3369.443,11780
2025-07-25 00:00:00,3369.446,3373.602,3358.637,3359.218,22062
2025-07-25 04:00:00,3359.2,3363.525,3352.73,3354.032,22786
2025-07-25 08:00:00,3354.065,3355.382,3338.647,3341.036,24145
2025-07-25 12:00:00,3341.032,3347.522,3324.952,3327.92,56771
2025-07-25 16:00:00,3327.875,3340.308,3326.185,3337.828,21970
2025-07-25 20:00:00,3337.793,3339.205,3336.211,3336.85,3536
2025-07-27 20:00:00,3329.168,3337.489,3323.841,3333.707,15938
2025-07-28 00:00:00,3333.699,3343.34,3327.664,3343.27,29834
2025-07-28 04:00:00,3343.223,3345.376,3333.809,3334.906,25124
2025-07-28 08:00:00,3334.903,3340.804,3332.406,3336.543,26130
2025-07-28 12:00:00,3336.592,3338.393,3301.794,3314.788,57934
2025-07-28 16:00:00,3314.76,3318.914,3308.844,3317.185,21695
2025-07-28 20:00:00,3317.219,3318.433,3310.509,3312.492,12534
2025-07-29 00:00:00,3312.509,3320.885,3307.867,3312.6,27204
2025-07-29 04:00:00,3312.604,3322.454,3309.014,3317.157,29677
2025-07-29 08:00:00,3317.163,3330.0,3314.908,3315.302,30051
2025-07-29 12:00:00,3315.273,3334.166,3311.914,3320.775,52000
2025-07-29 16:00:00,3320.775,3330.93,3319.096,3324.962,24365
2025-07-29 20:00:00,3325.013,3329.195,3324.721,3327.555,8690
2025-07-30 00:00:00,3327.592,3333.697,3321.9,3328.453,25528
2025-07-30 04:00:00,3328.389,3332.173,3323.082,3327.775,22289
2025-07-30 08:00:00,3327.808,3334.049,3323.99,3330.87,27202
2025-07-30 12:00:00,3330.853,3331.928,3288.599,3290.489,58268
2025-07-30 16:00:00,3290.402,3304.791,3268.058,3269.42,66908
2025-07-30 20:00:00,3269.358,3285.824,3268.989,3285.327,17403
2025-07-31 00:00:00,3285.281,3298.598,3282.826,3295.11,31895
2025-07-31 04:00:00,3295.066,3309.795,3293.668,3304.785,26441
2025-07-31 08:00:00,3304.706,3314.854,3293.806,3306.135,34867
2025-07-31 12:00:00,3306.11,3311.187,3291.324,3295.569,55719
2025-07-31 16:00:00,3295.461,3298.474,3289.61,3291.053,28799
2025-07-31 20:00:00,3291.013,3295.196,3287.991,3288.675,12377
2025-08-01 00:00:00,3288.631,3297.164,3281.59,3291.427,29098
2025-08-01 04:00:00,3291.389,3300.494,3285.247,3286.885,26906
2025-08-01 08:00:00,3286.847,3303.128,3285.295,3300.333,26898
2025-08-01 12:00:00,3300.366,3355.112,3297.409,3348.591,99214
2025-08-01 16:00:00,3348.556,3361.349,3340.556,3357.209,36059
2025-08-01 20:00:00,3357.263,3363.59,3357.052,3363.143,5131
2025-08-03 20:00:00,3364.363,3364.587,3354.55,3361.981,12387
2025-08-04 00:00:00,3362.014,3362.402,3345.03,3360.279,28179
2025-08-04 04:00:00,3360.283,3362.695,3351.709,3355.833,24837
2025-08-04 08:00:00,3355.866,3370.783,3352.91,3370.287,25899
2025-08-04 12:00:00,3370.286,3385.377,3360.989,3374.33,44412
2025-08-04 16:00:00,3374.329,3378.177,3370.595,3375.995,20737
2025-08-04 20:00:00,3375.941,3379.727,3373.439,3377.431,9079
2025-08-05 00:00:00,3377.407,3382.422,3372.081,3372.081,21224
2025-08-05 04:00:00,3372.131,3375.555,3365.679,3373.675,22471
2025-08-05 08:00:00,3373.596,3374.631,3349.827,3351.432,26499
2025-08-05 12:00:00,3351.432,3390.057,3349.89,3389.514,47574
2025-08-05 16:00:00,3389.551,3390.426,3376.914,3379.003,23089
2025-08-05 20:00:00,3378.964,3383.998,3378.119,3383.175,8320
2025-08-06 00:00:00,3383.245,3385.364,3373.07,3374.611,22140
2025-08-06 04:00:00,3374.614,3378.674,3368.977,3373.641,19792
2025-08-06 08:00:00,3373.533,3374.721,3358.115,3365.198,25037
2025-08-06 12:00:00,3365.18,3379.999,3360.165,3377.455,41645
2025-08-06 16:00:00,3377.416,3379.491,3369.007,3371.671,23064
2025-08-06 20:00:00,3371.632,3374.82,3367.157,3370.179,13206
2025-08-07 00:00:00,3370.229,3384.184,3365.246,3379.72,29556
2025-08-07 04:00:00,3379.756,3397.528,3371.672,3396.179,29989
2025-08-07 08:00:00,3396.213,3396.627,3371.754,3378.253,47630
2025-08-07 12:00:00,3378.223,3393.857,3375.285,3390.126,69911
2025-08-07 16:00:00,3390.209,3400.896,3384.338,3399.683,31747
2025-08-07 20:00:00,3399.736,3409.014,3389.049,3400.494,49176
2025-08-08 00:00:00,3400.456,3402.38,3381.111,3395.841,66823
2025-08-08 04:00:00,3395.841,3404.295,3388.763,3402.017,48472
2025-08-08 08:00:00,3402.098,3402.655,3380.385,3386.273,56163
2025-08-08 12:00:00,3386.23,3401.968,3381.129,3395.272,87490
2025-08-08 16:00:00,3395.308,3404.291,3376.481,3398.59,91748
2025-08-08 20:00:00,3398.642,3398.922,3392.445,3398.588,7277
2025-08-10 20:00:00,3400.602,3401.843,3390.316,3391.572,14057
2025-08-11 00:00:00,3391.616,3391.663,3367.723,3378.281,41168
2025-08-11 04:00:00,3378.277,3380.131,3357.121,3360.093,39102
2025-08-11 08:00:00,3360.136,3365.849,3349.876,3355.254,38937
2025-08-11 12:00:00,3355.25,3362.926,3341.433,3349.429,49792
2025-08-11 16:00:00,3349.526,3358.858,3341.297,3351.718,33115
2025-08-11 20:00:00,3351.686,3351.853,3342.191,3349.051,14068
2025-08-12 00:00:00,3349.034,3357.455,3346.236,3349.414,26538
2025-08-12 04:00:00,3349.461,3358.173,3342.266,3355.563,30560
2025-08-12 08:00:00,3355.536,3355.887,3336.092,3347.523,27996
2025-08-12 12:00:00,3347.488,3359.278,3331.104,3349.824,87161
2025-08-12 16:00:00,3349.911,3351.32,3345.555,3347.587,24394
2025-08-12 20:00:00,3347.573,3353.786,3346.036,3350.594,10141
2025-08-13 00:00:00,3350.604,3354.481,3342.702,3349.617,26066
2025-08-13 04:00:00,3349.639,3361.028,3345.701,3354.747,24193
2025-08-13 08:00:00,3354.712,3367.145,3352.893,3362.314,26669
2025-08-13 12:00:00,3362.338,3370.759,3354.152,3357.77,39335
2025-08-13 16:00:00,3357.802,3360.944,3349.924,3357.836,17669
2025-08-13 20:00:00,3357.88,3363.485,3355.657,3362.726,9396
2025-08-14 00:00:00,3362.772,3374.883,3355.428,3360.488,30503
2025-08-14 04:00:00,3360.52,3366.507,3343.615,3346.008,30083
2025-08-14 08:00:00,3345.982,3359.179,3341.471,3355.424,32518
2025-08-14 12:00:00,3355.455,3358.417,3334.247,3341.82,62058
2025-08-14 16:00:00,3341.781,3342.121,3329.79,3337.989,24890
2025-08-14 20:00:00,3338.028,3338.567,3332.192,3335.575,10535
2025-08-15 00:00:00,3335.604,3344.917,3332.396,3343.474,22586
2025-08-15 04:00:00,3343.436,3348.771,3340.161,3346.171,23183
2025-08-15 08:00:00,3346.131,3348.292,3336.267,3342.383,27055
2025-08-15 12:00:00,3342.386,3345.993,3332.88,3342.353,42414
2025-08-15 16:00:00,3342.453,3342.571,3334.411,3339.167,18793
2025-08-15 20:00:00,3339.236,3339.459,3335.169,3335.237,3320
2025-08-17 20:00:00,3334.593,3335.405,3323.527,3327.111,10050
2025-08-18 00:00:00,3327.104,3351.81,3326.797,3347.18,28408
2025-08-18 04:00:00,3347.136,3358.441,3346.027,3349.046,26097
2025-08-18 08:00:00,3349.076,3351.745,3344.499,3345.48,20608
2025-08-18 12:00:00,3345.524,3348.863,3332.219,3335.693,31788
2025-08-18 16:00:00,3335.726,3335.908,3330.203,3333.647,16884
2025-08-18 20:00:00,3333.691,3334.747,3330.538,3331.002,7905
2025-08-19 00:00:00,3331.014,3341.687,3326.046,3337.811,30026
2025-08-19 04:00:00,3337.769,3341.845,3334.424,3340.719,21606
2025-08-19 08:00:00,3340.763,3345.352,3336.451,3339.791,19051
2025-08-19 12:00:00,3339.792,3340.568,3320.877,3322.693,41319
2025-08-19 16:00:00,3322.735,3324.459,3314.877,3315.989,21489
2025-08-19 20:00:00,3315.947,3317.661,3312.795,3314.255,9519
2025-08-20 00:00:00,3314.265,3318.672,3311.5,3317.544,25072
2025-08-20 04:00:00,3317.541,3327.549,3317.201,3324.837,20468
2025-08-20 08:00:00,3324.793,3332.959,3320.91,3332.349,22293
2025-08-20 12:00:00,3332.272,3350.346,3332.084,3340.618,36742
2025-08-20 16:00:00,3340.727,3349.287,3340.682,3348.845,18462
2025-08-20 20:00:00,3348.797,3352.116,3346.378,3346.86,10354
2025-08-21 00:00:00,3346.93,3346.93,3339.711,3339.954,20034
2025-08-21 04:00:00,3339.911,3341.551,3334.307,3339.653,18988
2025-08-21 08:00:00,3339.689,3342.215,3325.15,3333.593,23481
2025-08-21 12:00:00,3333.7,3348.105,3333.666,3343.658,46751
2025-08-21 16:00:00,3343.645,3343.996,3336.568,3338.847,17335
2025-08-21 20:00:00,3338.887,3340.664,3337.38,3338.435,7623
2025-08-22 00:00:00,3338.391,3340.249,3331.629,3332.0,19816
2025-08-22 04:00:00,3331.987,3335.05,3325.758,3327.489,20178
2025-08-22 08:00:00,3327.524,3331.774,3325.356,3329.37,19602
2025-08-22 12:00:00,3329.366,3378.893,3321.474,3367.938,72641
2025-08-22 16:00:00,3367.914,3375.525,3367.856,3373.212,22503
2025-08-22 20:00:00,3373.237,3373.682,3370.178,3372.323,3367
2025-08-24 20:00:00,3368.768,3371.076,3365.886,3369.019,7171
2025-08-25 00:00:00,3369.104,3369.708,3359.772,3367.287,21063
2025-08-25 04:00:00,3367.287,3369.912,3363.052,3366.25,16136
2025-08-25 08:00:00,3366.253,3371.538,3361.951,3370.618,16309
2025-08-25 12:00:00,3370.616,3376.33,3362.209,3374.092,26876
2025-08-25 16:00:00,3374.024,3374.848,3365.223,3365.445,16559
2025-08-25 20:00:00,3365.489,3367.177,3351.74,3354.878,12372
2025-08-26 00:00:00,3354.851,3386.512,3351.276,3372.225,45373
2025-08-26 04:00:00,3372.241,3379.145,3367.315,3376.75,24688
2025-08-26 08:00:00,3376.708,3380.384,3367.282,3377.491,25492
2025-08-26 12:00:00,3377.544,3389.481,3370.398,3386.712,36585
2025-08-26 16:00:00,3386.699,3390.865,3380.269,3389.682,19052
2025-08-26 20:00:00,3389.713,3393.607,3388.762,3390.886,9994
2025-08-27 00:00:00,3390.877,3393.578,3380.601,3380.657,21171
2025-08-27 04:00:00,3380.701,3381.978,3373.779,3381.417,21497
2025-08-27 08:00:00,3381.398,3385.514,3373.722,3376.846,23993
2025-08-27 12:00:00,3376.868,3390.444,3374.279,3387.922,34340
2025-08-27 16:00:00,3387.941,3398.807,3387.505,3396.234,20989
2025-08-27 20:00:00,3396.196,3399.526,3394.122,3395.843,10569
2025-08-28 00:00:00,3395.786,3398.099,3384.627,3390.159,23517
2025-08-28 04:00:00,3390.23,3397.72,3387.656,3395.776,20064
2025-08-28 08:00:00,3395.786,3407.682,3393.911,3404.177,23994
2025-08-28 12:00:00,3404.154,3413.5,3394.305,3410.925,40809
2025-08-28 16:00:00,3410.921,3423.236,3409.921,3422.094,21960
2025-08-28 20:00:00,3422.183,3422.545,3414.781,3414.843,9006
2025-08-29 00:00:00,3414.874,3417.909,3407.98,3410.888,20125
2025-08-29 04:00:00,3410.867,3412.712,3406.586,3412.221,18579
2025-08-29 08:00:00,3412.192,3414.903,3404.337,3410.749,20286
2025-08-29 12:00:00,3410.679,3447.689,3406.732,3445.518,44046
2025-08-29 16:00:00,3445.511,3453.948,3441.012,3452.597,29418
2025-08-29 20:00:00,3452.629,3452.758,3445.792,3448.059,5514
2025-08-31 20:00:00,3445.89,3452.63,3442.483,3447.976,9772
2025-09-01 00:00:00,3447.936,3486.131,3437.052,3474.547,51934
2025-09-01 04:00:00,3474.515,3489.952,3467.837,3477.838,35358
2025-09-01 08:00:00,3477.901,3479.897,3466.3,3470.033,31292
2025-09-01 12:00:00,3470.082,3481.304,3467.1,3474.107,27348
2025-09-01 16:00:00,3474.119,3478.914,3472.35,3476.784,7237
2025-09-01 20:00:00,3476.323,3481.54,3474.551,3479.235,11434
2025-09-02 00:00:00,3479.154,3508.765,3476.921,3495.068,43997
2025-09-02 04:00:00,3495.032,3498.346,3472.12,3476.881,36101
2025-09-02 08:00:00,3476.979,3490.14,3470.218,3489.761,39203
2025-09-02 12:00:00,3489.711,3520.324,3474.214,3520.324,77880
2025-09-02 16:00:00,3520.351,3540.118,3518.137,3536.965,34761
2025-09-02 20:00:00,3537.013,3537.731,3526.304,3530.008,15174
2025-09-03 00:00:00,3530.106,3546.974,3528.046,3530.945,45259
2025-09-03 04:00:00,3530.839,3538.343,3526.805,3533.866,30363
2025-09-03 08:00:00,3533.898,3549.618,3532.316,3547.575,33002
2025-09-03 12:00:00,3547.559,3567.428,3541.381,3563.977,69266
2025-09-03 16:00:00,3563.974,3578.451,3561.187,3563.583,36682
2025-09-03 20:00:00,3563.551,3566.088,3554.409,3560.316,21525
2025-09-04 00:00:00,3560.365,3563.497,3511.196,3529.171,57937
2025-09-04 04:00:00,3529.206,3541.679,3524.464,3541.161,35667
2025-09-04 08:00:00,3541.124,3549.861,3536.582,3545.488,34068
2025-09-04 12:00:00,3545.443,3558.817,3535.073,3552.853,65852
2025-09-04 16:00:00,3552.861,3556.251,3542.55,3549.824,25944
2025-09-04 20:00:00,3549.86,3554.539,3539.933,3552.564,14241
2025-09-05 00:00:00,3552.556,3559.086,3546.018,3558.368,31166
2025-09-05 04:00:00,3558.383,3561.174,3546.659,3548.221,26302
2025-09-05 08:00:00,3548.185,3555.225,3544.745,3553.252,26243
2025-09-05 12:00:00,3553.278,3597.947,3548.826,3592.029,112943
2025-09-05 16:00:00,3592.07,3600.1,3590.528,3594.837,35116
2025-09-05 20:00:00,3594.797,3595.357,3586.4,3586.621,5895
2025-09-07 20:00:00,3591.88,3596.74,3587.136,3591.175,23680
2025-09-08 00:00:00,3591.197,3597.236,3582.95,3583.634,45010
2025-09-08 04:00:00,3583.59,3613.67,3579.601,3609.507,31481
2025-09-08 08:00:00,3609.533,3622.52,3607.156,3619.978,32344
2025-09-08 12:00:00,3619.95,3646.34,3614.77,3639.283,64912
2025-09-08 16:00:00,3639.341,3641.77,3631.875,3636.552,28246
2025-09-08 20:00:00,3636.579,3637.969,3628.216,3635.016,13953
2025-09-09 00:00:00,3635.047,3654.621,3633.463,3645.862,39607
2025-09-09 04:00:00,3645.887,3659.323,3636.509,3644.387,43677
2025-09-09 08:00:00,3644.322,3656.736,3641.993,3648.024,33233
2025-09-09 12:00:00,3648.096,3674.559,3626.844,3645.465,105197
2025-09-09 16:00:00,3645.43,3649.458,3628.473,3629.386,29767
2025-09-09 20:00:00,3629.349,3640.849,3623.158,3633.592,19557
2025-09-10 00:00:00,3633.567,3638.277,3620.204,3636.503,41442
2025-09-10 04:00:00,3636.605,3648.533,3636.512,3644.127,28136
2025-09-10 08:00:00,3644.165,3657.646,3642.019,3649.306,28447
2025-09-10 12:00:00,3649.322,3657.441,3638.462,3644.477,57470
2025-09-10 16:00:00,3644.417,3649.744,3635.088,3641.922,25473
2025-09-10 20:00:00,3641.888,3645.576,3638.02,3644.907,12557
2025-09-11 00:00:00,3644.94,3649.158,3629.883,3632.022,31300
2025-09-11 04:00:00,3632.088,3638.02,3622.69,3629.835,33829
2025-09-11 08:00:00,3629.869,3631.771,3614.16,3616.813,30262
2025-09-11 12:00:00,3616.78,3643.97,3613.106,3633.084,76313
2025-09-11 16:00:00,3633.126,3641.932,3630.322,3636.969,27460
2025-09-11 20:00:00,3636.933,3638.299,3631.543,3631.866,9612
2025-09-12 00:00:00,3631.834,3653.31,3630.55,3652.873,33699
2025-09-12 04:00:00,3652.886,3656.644,3647.823,3648.325,25414
2025-09-12 08:00:00,3648.303,3652.192,3637.731,3647.068,31888
2025-09-12 12:00:00,3647.1,3654.344,3638.266,3644.539,46580
2025-09-12 16:00:00,3644.563,3650.639,3642.731,3644.188,18831
2025-09-12 20:00:00,3644.228,3645.405,3641.371,3643.508,4076
2025-09-14 20:00:00,3644.634,3646.068,3636.796,3638.265,7090
2025-09-15 00:00:00,3638.261,3646.446,3626.565,3646.043,32536
2025-09-15 04:00:00,3646.054,3646.884,3633.764,3643.917,24171
2025-09-15 08:00:00,3643.924,3646.722,3635.707,3642.685,28320
2025-09-15 12:00:00,3642.71,3681.962,3636.97,3680.478,47352
2025-09-15 16:00:00,3680.521,3685.647,3674.794,3680.979,29679
2025-09-15 20:00:00,3680.936,3682.01,3676.155,3676.989,10753
2025-09-16 00:00:00,3676.91,3689.504,3674.735,3681.159,33457
2025-09-16 04:00:00,3681.102,3694.235,3680.184,3686.494,25398
2025-09-16 08:00:00,3686.455,3699.471,3686.158,3697.15,28432
2025-09-16 12:00:00,3697.227,3703.112,3678.892,3686.166,60207
2025-09-16 16:00:00,3686.234,3691.25,3684.637,3689.634,23113
2025-09-16 20:00:00,3689.692,3695.267,3689.467,3694.269,9445
2025-09-17 00:00:00,3694.268,3695.402,3674.242,3681.783,33088
2025-09-17 04:00:00,3681.712,3685.883,3666.615,3667.223,29582
2025-09-17 08:00:00,3667.179,3671.009,3659.867,3665.973,35268
2025-09-17 12:00:00,3666.011,3687.272,3665.594,3684.16,39168
2025-09-17 16:00:00,3684.191,3707.514,3646.121,3661.754,128036
2025-09-17 20:00:00,3661.781,3672.045,3655.606,3669.193,19036
2025-09-18 00:00:00,3669.155,3669.996,3651.85,3658.53,41128
2025-09-18 04:00:00,3658.578,3659.876,3633.854,3659.048,46290
2025-09-18 08:00:00,3658.923,3673.045,3653.668,3667.217,34719
2025-09-18 12:00:00,3667.257,3672.471,3627.768,3641.339,83197
2025-09-18 16:00:00,3641.37,3647.294,3640.53,3646.589,27995
2025-09-18 20:00:00,3646.635,3647.281,3637.735,3640.263,9707
2025-09-19 00:00:00,3640.266,3656.463,3632.227,3653.746,40633
2025-09-19 04:00:00,3653.684,3661.318,3643.293,3653.969,35490
2025-09-19 08:00:00,3653.898,3659.252,3645.7,3648.416,26928
2025-09-19 12:00:00,3648.445,3676.056,3643.787,3670.835,55325
2025-09-19 16:00:00,3670.734,3685.227,3666.626,3684.468,27173
2025-09-19 20:00:00,3684.377,3685.077,3680.87,3684.885,4004
2025-09-21 20:00:00,3687.993,3692.314,3683.8,3686.277,11982
2025-09-22 00:00:00,3686.287,3697.508,3685.49,3695.472,39553
2025-09-22 04:00:00,3695.443,3719.881,3690.132,3713.25,38030
2025-09-22 08:00:00,3713.217,3728.342,3712.338,3724.63,33746
2025-09-22 12:00:00,3724.667,3736.419,3712.054,3736.174,66986
2025-09-22 16:00:00,3736.133,3748.817,3735.225,3747.65,27893
2025-09-22 20:00:00,3747.616,3749.278,3738.297,3747.787,15194
2025-09-23 00:00:00,3747.821,3759.329,3736.746,3746.501,48636
2025-09-23 04:00:00,3746.513,3758.793,3743.089,3753.459,36249
2025-09-23 08:00:00,3753.353,3791.108,3752.989,3783.499,48378
2025-09-23 12:00:00,3783.544,3788.839,3767.678,3779.362,68396
2025-09-23 16:00:00,3779.406,3785.728,3751.88,3764.304,62239
2025-09-23 20:00:00,3764.275,3770.201,3761.585,3763.86,14809
2025-09-24 00:00:00,3763.846,3771.863,3750.621,3765.478,43436
2025-09-24 04:00:00,3765.446,3779.281,3763.242,3777.382,31348
2025-09-24 08:00:00,3777.415,3777.774,3759.653,3768.927,30521
2025-09-24 12:00:00,3768.982,3773.039,3739.638,3741.138,69057
2025-09-24 16:00:00,3741.175,3745.249,3717.451,3730.056,44130
2025-09-24 20:00:00,3730.122,3745.343,3729.965,3742.944,13928
2025-09-25 00:00:00,3743.014,3751.563,3729.446,3736.602,41240
2025-09-25 04:00:00,3736.605,3755.025,3731.754,3752.238,36596
2025-09-25 08:00:00,3752.197,3761.672,3741.124,3753.08,45883
2025-09-25 12:00:00,3753.042,3755.975,3721.955,3735.852,96803
2025-09-25 16:00:00,3735.944,3758.32,3732.379,3746.547,45473
2025-09-25 20:00:00,3746.584,3752.522,3738.075,3744.741,17987
2025-09-26 00:00:00,3744.7,3753.368,3734.488,3745.459,40064
2025-09-26 04:00:00,3745.498,3754.189,3739.231,3747.995,34223
2025-09-26 08:00:00,3748.015,3755.23,3742.927,3748.73,29781
2025-09-26 12:00:00,3748.686,3783.874,3746.554,3780.397,82027
2025-09-26 16:00:00,3780.356,3783.228,3764.641,3766.755,42195
2025-09-26 20:00:00,3766.786,3769.554,3760.074,3761.065,6541
2025-09-28 20:00:00,3764.742,3772.519,3763.371,3766.923,12895
2025-09-29 00:00:00,3766.882,3799.46,3763.959,3794.364,74378
2025-09-29 04:00:00,3794.379,3819.898,3792.471,3806.367,61410
2025-09-29 08:00:00,3806.405,3831.39,3806.405,3828.958,44033
2025-09-29 12:00:00,3828.889,3833.244,3809.213,3830.375,86446
2025-09-29 16:00:00,3830.369,3833.609,3822.629,3828.778,37022
2025-09-29 20:00:00,3828.816,3834.024,3825.65,3832.859,14603
2025-09-30 00:00:00,3832.914,3867.204,3831.116,3864.796,52083
2025-09-30 04:00:00,3864.755,3871.724,3839.507,3843.835,53041
2025-09-30 08:00:00,3843.867,3847.196,3793.137,3815.213,92972
2025-09-30 12:00:00,3815.152,3854.567,3808.852,3839.059,101709
2025-09-30 16:00:00,3839.025,3860.832,3837.803,3859.074,38010
2025-09-30 20:00:00,3859.114,3863.086,3850.738,3862.951,19756
2025-10-01 00:00:00,3862.964,3875.586,3855.538,3862.051,43352
2025-10-01 04:00:00,3862.025,3879.904,3853.358,3879.223,45019
2025-10-01 08:00:00,3879.261,3895.38,3878.083,3883.536,48702
2025-10-01 12:00:00,3883.645,3891.146,3856.189,3868.417,120501
2025-10-01 16:00:00,3868.389,3871.91,3854.892,3867.791,44642
2025-10-01 20:00:00,3867.755,3867.907,3857.498,3863.542,20114
2025-10-02 00:00:00,3863.499,3870.045,3852.856,3866.611,36394
2025-10-02 04:00:00,3866.611,3874.918,3861.721,3868.582,35035
2025-10-02 08:00:00,3868.483,3886.707,3864.611,3886.337,35828
2025-10-02 12:00:00,3886.301,3897.178,3819.359,3828.388,136644
2025-10-02 16:00:00,3828.34,3859.128,3827.197,3855.578,55470
2025-10-02 20:00:00,3855.627,3863.828,3852.17,3862.434,14599
2025-10-03 00:00:00,3862.389,3862.803,3838.043,3842.781,44991
2025-10-03 04:00:00,3842.735,3865.337,3841.632,3864.252,37576
2025-10-03 08:00:00,3864.22,3867.726,3854.713,3862.136,35921
2025-10-03 12:00:00,3862.165,3891.693,3860.472,3889.464,96281
2025-10-03 16:00:00,3889.498,3889.812,3876.907,3885.592,47030
2025-10-03 20:00:00,3885.561,3887.252,3882.869,3887.069,4690
2025-10-05 20:00:00,3888.648,3921.01,3884.058,3909.474,35159
2025-10-06 00:00:00,3909.511,3932.065,3898.961,3929.593,54915
2025-10-06 04:00:00,3929.608,3945.229,3922.401,3941.641,70897
2025-10-06 08:00:00,3941.675,3949.664,3931.021,3938.318,61764
2025-10-06 12:00:00,3938.28,3964.13,3926.496,3962.442,103750
2025-10-06 16:00:00,3962.478,3970.034,3945.823,3959.475,54419
2025-10-06 20:00:00,3959.439,3976.222,3957.421,3969.538,31933
2025-10-07 00:00:00,3969.58,3977.499,3955.828,3973.389,49991
2025-10-07 04:00:00,3973.433,3976.945,3943.329,3946.021,64557
2025-10-07 08:00:00,3945.942,3969.185,3940.844,3967.044,49695
2025-10-07 12:00:00,3966.991,3991.083,3961.841,3966.177,104272
2025-10-07 16:00:00,3966.198,3987.734,3963.116,3980.151,62080
2025-10-07 20:00:00,3980.198,3995.96,3980.198,3994.435,16572
2025-10-08 00:00:00,3994.391,4016.559,3984.502,4014.665,50789
2025-10-08 04:00:00,4014.712,4039.047,4014.707,4034.224,57394
2025-10-08 08:00:00,4034.189,4049.689,4030.853,4038.031,51931
2025-10-08 12:00:00,4037.995,4050.743,4026.366,4045.688,92250
2025-10-08 16:00:00,4045.718,4059.345,4032.112,4044.966,75257
2025-10-08 20:00:00,4044.938,4046.749,4001.228,4011.712,40099
2025-10-09 00:00:00,4011.73,4036.324,4002.522,4026.807,93352
2025-10-09 04:00:00,4026.744,4043.768,4022.655,4031.606,59405
2025-10-09 08:00:00,4031.534,4046.781,4030.207,4044.512,44273
2025-10-09 12:00:00,4044.474,4057.996,4003.953,4014.661,169493
2025-10-09 16:00:00,4014.612,4021.781,3944.595,3973.057,150703
2025-10-09 20:00:00,3973.111,3990.857,3958.538,3989.956,32523
2025-10-10 00:00:00,3989.951,3994.451,3960.819,3961.987,70383
2025-10-10 04:00:00,3961.958,3977.933,3946.964,3971.972,79211
2025-10-10 08:00:00,3972.022,4006.784,3970.177,3987.205,73062
2025-10-10 12:00:00,3987.231,4022.849,3970.628,3998.001,160223
2025-10-10 16:00:00,3998.035,4021.411,3974.999,4011.23,116794
2025-10-10 20:00:00,4011.271,4020.902,4005.694,4010.423,17097
2025-10-12 20:00:00,4014.487,4060.256,4008.669,4035.171,49635
2025-10-13 00:00:00,4035.219,4060.022,4024.324,4051.933,99495
2025-10-13 04:00:00,4051.946,4078.23,4050.998,4071.2,70245
2025-10-13 08:00:00,4071.135,4085.347,4069.05,4074.01,54941
2025-10-13 12:00:00,4074.011,4107.436,4073.213,4104.97,91286
2025-10-13 16:00:00,4104.932,4117.127,4090.725,4108.663,63177
2025-10-13 20:00:00,4108.556,4132.092,4106.044,4128.069,29016
2025-10-14 00:00:00,4128.115,4166.519,4119.646,4163.397,89242
2025-10-14 04:00:00,4163.438,4179.768,4090.566,4126.307,180462
2025-10-14 08:00:00,4126.26,4145.245,4121.847,4130.535,97011
2025-10-14 12:00:00,4130.497,4142.788,4097.786,4138.013,153618
2025-10-14 16:00:00,4138.054,4155.34,4127.924,4141.63,92714
2025-10-14 20:00:00,4141.588,4167.168,4139.162,4161.637,29701
2025-10-15 00:00:00,4161.598,4190.913,4153.873,4187.075,79457
2025-10-15 04:00:00,4187.123,4209.823,4173.288,4207.714,55421
2025-10-15 08:00:00,4207.756,4218.273,4164.786,4198.76,80543
2025-10-15 12:00:00,4198.716,4212.385,4176.211,4190.291,135714
2025-10-15 16:00:00,4190.309,4213.549,4182.572,4210.396,79891
2025-10-15 20:00:00,4210.352,4215.925,4199.636,4209.482,26690
2025-10-16 00:00:00,4209.515,4242.203,4204.974,4233.84,66575
2025-10-16 04:00:00,4233.828,4239.478,4203.532,4230.617,83872
2025-10-16 08:00:00,4230.545,4247.758,4222.086,4240.683,49415
2025-10-16 12:00:00,4240.727,4276.097,4227.688,4273.409,110815
2025-10-16 16:00:00,4273.462,4313.067,4261.34,4307.35,133542
2025-10-16 20:00:00,4307.397,4380.098,4307.397,4365.829,76073
2025-10-17 00:00:00,4365.787,4371.697,4278.817,4366.79,176373
2025-10-17 04:00:00,4366.727,4378.602,4309.085,4342.323,144657
2025-10-17 08:00:00,4342.432,4349.802,4286.709,4287.139,143222
2025-10-17 12:00:00,4287.202,4320.287,4216.847,4237.502,309900
2025-10-17 16:00:00,4237.564,4244.967,4186.218,4225.96,187630
2025-10-17 20:00:00,4225.919,4252.726,4220.126,4250.96,21072
2025-10-19 20:00:00,4264.653,4268.325,4233.27,4237.917,40918
2025-10-20 00:00:00,4237.889,4271.31,4218.955,4264.749,122826
2025-10-20 04:00:00,4264.705,4268.306,4221.466,4255.197,98142
2025-10-20 08:00:00,4255.161,4279.762,4245.645,4279.305,66827
2025-10-20 12:00:00,4279.265,4355.805,4272.751,4349.239,170658
2025-10-20 16:00:00,4349.204,4381.604,4337.39,4378.19,75263
2025-10-20 20:00:00,4378.235,4380.108,4346.499,4360.516,54048
2025-10-21 00:00:00,4360.466,4372.32,4332.891,4346.58,96949
2025-10-21 04:00:00,4346.62,4347.063,4293.445,4298.473,100287
2025-10-21 08:00:00,4298.446,4301.81,4244.752,4253.349,151641
2025-10-21 12:00:00,4253.377,4257.535,4080.841,4138.558,349023
2025-10-21 16:00:00,4138.6,4143.88,4093.586,4108.794,156698
2025-10-21 20:00:00,4108.844,4132.346,4090.166,4093.189,49924
2025-10-22 00:00:00,4093.206,4143.167,4004.209,4128.698,232209
2025-10-22 04:00:00,4128.706,4161.384,4107.56,4132.925,106575
2025-10-22 08:00:00,4132.887,4135.887,4015.071,4027.802,227470
2025-10-22 12:00:00,4027.829,4085.296,4010.966,4037.113,240453
2025-10-22 16:00:00,4037.067,4113.728,4023.163,4102.402,143219
2025-10-22 20:00:00,4102.357,4116.495,4080.541,4087.69,55067
2025-10-23 00:00:00,4087.733,4100.785,4065.981,4091.197,100786
2025-10-23 04:00:00,4091.219,4137.736,4079.68,4094.28,100005
2025-10-23 08:00:00,4094.342,4125.466,4094.342,4109.638,93172
2025-10-23 12:00:00,4109.605,4154.694,4100.164,4141.869,133273
2025-10-23 16:00:00,4141.84,4148.667,4116.476,4118.313,73337
2025-10-23 20:00:00,4118.357,4131.939,4105.871,4121.799,33475
2025-10-24 00:00:00,4121.824,4144.315,4107.553,4122.404,73106
2025-10-24 04:00:00,4122.286,4123.368,4069.571,4074.269,81744
2025-10-24 08:00:00,4074.42,4077.886,4044.002,4061.308,89473
2025-10-24 12:00:00,4061.395,4135.189,4059.843,4130.371,173357
2025-10-24 16:00:00,4130.437,4138.646,4101.851,4104.023,82136
2025-10-24 20:00:00,4104.06,4114.103,4096.278,4113.106,9749
2025-10-26 20:00:00,4083.599,4109.241,4061.936,4064.482,50114
2025-10-27 00:00:00,4064.556,4097.834,4058.132,4069.586,84892
2025-10-27 04:00:00,4069.547,4084.806,4053.829,4068.643,65068
2025-10-27 08:00:00,4068.612,4070.558,4015.42,4023.947,108472
2025-10-27 12:00:00,4023.99,4050.299,3971.372,3989.954,190024
2025-10-27 16:00:00,3990.063,4010.171,3984.002,3990.153,84156
2025-10-27 20:00:00,3990.2,4004.586,3979.134,3998.5,36643
2025-10-28 00:00:00,3998.403,4019.791,3973.067,3992.924,81723
2025-10-28 04:00:00,3992.908,3994.279,3921.778,3932.454,101413
2025-10-28 08:00:00,3932.501,3935.918,3886.559,3923.317,118928
2025-10-28 12:00:00,3923.272,3969.635,3905.561,3964.837,122180
2025-10-28 16:00:00,3964.748,3970.446,3945.168,3960.14,86080
2025-10-28 20:00:00,3960.188,3967.865,3916.026,3964.842,48550
2025-10-29 00:00:00,3964.862,3982.274,3944.223,3963.384,81981
2025-10-29 04:00:00,3963.397,4001.61,3950.773,4001.353,70220
2025-10-29 08:00:00,4001.318,4029.73,4000.46,4016.717,75239
2025-10-29 12:00:00,4016.746,4030.286,3989.253,3993.01,103559
2025-10-29 16:00:00,3993.033,4007.525,3927.934,3945.579,163793
2025-10-29 20:00:00,3945.552,3954.255,3917.187,3952.836,53877
2025-10-30 00:00:00,3952.822,3966.413,3915.358,3938.032,92081
2025-10-30 04:00:00,3938.045,3982.427,3934.866,3961.344,102087
2025-10-30 08:00:00,3961.435,4011.849,3960.184,3974.404,88717
2025-10-30 12:00:00,3974.446,4014.862,3960.07,4001.962,145152
2025-10-30 16:00:00,4001.924,4026.068,3991.404,4023.49,67701
2025-10-30 20:00:00,4023.454,4046.446,4016.352,4036.682,42415
2025-10-31 00:00:00,4036.657,4039.318,3991.149,3996.446,89638
2025-10-31 04:00:00,3996.437,4025.33,3989.103,4021.065,74287
2025-10-31 08:00:00,4021.026,4026.895,3998.819,4010.609,62621
2025-10-31 12:00:00,4010.552,4036.281,4009.099,4012.828,107611
2025-10-31 16:00:00,4012.758,4015.212,3972.43,4001.095,104265
2025-10-31 20:00:00,4001.057,4006.733,3996.158,4001.645,7958
2025-11-02 20:00:00,3990.743,3998.994,3977.97,3980.33,17439
2025-11-03 00:00:00,3980.278,4015.551,3962.33,4011.138,87314
2025-11-03 04:00:00,4011.192,4026.108,3997.709,4025.303,56083
2025-11-03 08:00:00,4025.395,4027.859,3992.992,4007.587,74869
2025-11-03 12:00:00,4007.58,4030.67,4001.731,4008.659,103051
2025-11-03 16:00:00,4008.628,4013.516,3995.128,4004.734,62035
2025-11-03 20:00:00,4004.694,4014.956,3980.987,3997.29,28500
2025-11-04 00:00:00,3997.325,3999.372,3975.491,3994.588,73302
2025-11-04 04:00:00,3994.549,3996.462,3966.797,3993.998,66637
2025-11-04 08:00:00,3994.062,4000.735,3985.915,3995.206,55095
2025-11-04 12:00:00,3995.244,3997.6,3928.834,3956.852,109324
2025-11-04 16:00:00,3956.827,3975.802,3932.092,3937.459,78447
2025-11-04 20:00:00,3937.474,3942.097,3930.422,3934.791,31798
2025-11-05 00:00:00,3934.817,3965.382,3929.622,3960.898,65742
2025-11-05 04:00:00,3960.865,3978.58,3959.763,3972.725,49209
2025-11-05 08:00:00,3972.758,3987.115,3956.052,3966.941,51750
2025-11-05 12:00:00,3966.898,3985.586,3962.264,3978.225,77534
2025-11-05 16:00:00,3978.267,3990.567,3974.839,3987.833,43770
2025-11-05 20:00:00,3987.862,3990.267,3966.75,3973.695,23957
2025-11-06 00:00:00,3973.654,3990.463,3964.567,3987.58,44600
2025-11-06 04:00:00,3987.541,4009.669,3982.23,4005.903,39340
2025-11-06 08:00:00,4005.842,4019.633,4004.272,4018.206,39449
2025-11-06 12:00:00,4018.068,4019.575,3975.221,3980.244,85230
2025-11-06 16:00:00,3980.288,3995.305,3965.778,3985.419,66015
2025-11-06 20:00:00,3985.374,3989.778,3974.378,3989.201,27634
2025-11-07 00:00:00,3989.242,4003.426,3984.517,3990.469,38435
2025-11-07 04:00:00,3990.437,4010.04,3985.387,4007.796,37840
2025-11-07 08:00:00,4007.86,4014.219,3993.679,4002.885,42269
2025-11-07 12:00:00,4002.959,4008.506,3984.082,3990.976,79120
2025-11-07 16:00:00,3991.013,4027.652,3989.939,4006.862,78210
2025-11-07 20:00:00,4006.835,4007.21,3994.339,4001.446,22447
2025-11-09 20:00:00,4004.9,4012.289,4004.091,4011.858,11812
2025-11-10 00:00:00,4011.894,4053.28,4011.156,4050.316,64018
2025-11-10 04:00:00,4050.266,4079.189,4049.971,4075.214,44914
2025-11-10 08:00:00,4075.167,4086.262,4071.619,4085.317,46347
2025-11-10 12:00:00,4085.359,4105.935,4074.429,4084.579,92910
2025-11-10 16:00:00,4084.533,4115.817,4081.945,4113.153,47673
2025-11-10 20:00:00,4113.126,4122.717,4106.604,4119.979,23555
2025-11-11 00:00:00,4120.016,4148.137,4116.219,4146.907,54907
2025-11-11 04:00:00,4146.82,4148.886,4124.542,4129.695,48226
2025-11-11 08:00:00,4129.646,4146.025,4128.829,4142.812,39926
2025-11-11 12:00:00,4142.915,4146.694,4097.131,4106.662,85282
2025-11-11 16:00:00,4106.695,4126.199,4105.07,4123.034,48933
2025-11-11 20:00:00,4123.086,4144.701,4122.39,4142.707,26906
2025-11-12 00:00:00,4142.598,4145.548,4111.814,4111.996,57045
2025-11-12 04:00:00,4111.958,4125.342,4098.919,4116.987,54199
2025-11-12 08:00:00,4116.964,4133.618,4112.157,4126.145,53554
2025-11-12 12:00:00,4126.12,4185.728,4122.786,4181.492,102663
2025-11-12 16:00:00,4181.405,4211.846,4180.121,4197.509,95730
2025-11-12 20:00:00,4197.464,4208.199,4187.24,4191.121,35651
2025-11-13 00:00:00,4191.079,4213.479,4179.922,4213.149,80773
2025-11-13 04:00:00,4213.118,4220.115,4203.281,4219.966,61466
2025-11-13 08:00:00,4219.92,4240.285,4218.898,4230.511,62447
2025-11-13 12:00:00,4230.555,4245.321,4184.557,4202.563,128713
2025-11-13 16:00:00,4202.533,4211.033,4145.39,4163.852,123763
2025-11-13 20:00:00,4163.896,4186.698,4160.308,4185.889,43397
2025-11-14 00:00:00,4185.932,4211.595,4173.712,4204.487,66892
2025-11-14 04:00:00,4204.424,4205.867,4158.86,4181.032,72527
2025-11-14 08:00:00,4180.997,4186.974,4130.801,4132.931,82450
2025-11-14 12:00:00,4132.877,4140.525,4032.218,4093.498,213149
2025-11-14 16:00:00,4093.554,4111.236,4080.813,4089.996,103405
2025-11-14 20:00:00,4090.039,4092.383,4075.342,4084.633,30304
2025-11-16 20:00:00,4083.779,4106.808,4072.083,4096.481,22938
2025-11-17 00:00:00,4096.552,4102.1,4070.074,4082.945,94171
2025-11-17 04:00:00,4082.921,4089.267,4049.667,4088.183,66675
2025-11-17 08:00:00,4088.154,4096.011,4061.05,4078.48,72468
2025-11-17 12:00:00,4078.517,4092.272,4060.641,4064.397,102345
2025-11-17 16:00:00,4064.328,4081.106,4010.773,4011.253,100510
2025-11-17 20:00:00,4011.282,4055.589,4006.851,4036.849,59030
2025-11-18 00:00:00,4036.886,4045.076,4008.226,4013.309,85251
2025-11-18 04:00:00,4013.34,4025.251,3998.061,4013.698,73113
2025-11-18 08:00:00,4013.672,4050.527,4010.564,4039.43,69050
2025-11-18 12:00:00,4039.398,4082.042,4029.113,4052.972,131728
2025-11-18 16:00:00,4053.025,4082.084,4040.451,4081.075,85058
2025-11-18 20:00:00,4081.113,4082.297,4064.889,4076.674,31828
2025-11-19 00:00:00,4076.716,4080.683,4055.636,4067.013,64973
2025-11-19 04:00:00,4066.907,4098.654,4064.43,4087.0,55349
2025-11-19 08:00:00,4086.955,4119.197,4078.236,4112.924,70828
2025-11-19 12:00:00,4112.827,4132.71,4090.036,4096.623,110617
2025-11-19 16:00:00,4096.653,4098.636,4055.596,4073.675,146508
2025-11-19 20:00:00,4073.627,4108.263,4065.598,4104.686,45881
2025-11-20 00:00:00,4104.716,4110.365,4039.925,4072.402,97324
2025-11-20 04:00:00,4072.451,4080.601,4054.056,4059.983,68788
2025-11-20 08:00:00,4059.925,4072.803,4038.729,4060.813,85353
2025-11-20 12:00:00,4060.847,4107.17,4060.108,4070.18,146599
2025-11-20 16:00:00,4070.235,4087.336,4043.698,4084.676,159635
2025-11-20 20:00:00,4084.639,4088.841,4072.948,4079.149,42800
2025-11-21 00:00:00,4079.198,4081.447,4049.348,4056.221,74565
2025-11-21 04:00:00,4056.184,4064.905,4024.834,4031.699,82569
2025-11-21 08:00:00,4031.729,4063.645,4022.282,4036.612,94692
2025-11-21 12:00:00,4036.577,4083.992,4034.782,4069.725,151099
2025-11-21 16:00:00,4069.747,4101.336,4062.934,4087.611,104115
2025-11-21 20:00:00,4087.645,4088.824,4054.492,4066.137,39666
2025-11-23 20:00:00,4072.493,4077.725,4065.821,4075.141,14594
2025-11-24 00:00:00,4075.172,4076.168,4040.606,4050.483,67466
2025-11-24 04:00:00,4050.531,4067.644,4039.866,4060.025,62899
2025-11-24 08:00:00,4059.924,4077.278,4059.576,4069.92,54159
2025-11-24 12:00:00,4069.884,4093.929,4065.663,4091.765,86039
2025-11-24 16:00:00,4091.815,4125.765,4088.029,4118.532,66336
2025-11-24 20:00:00,4118.555,4144.429,4117.966,4143.834,38445
2025-11-25 00:00:00,4143.826,4155.844,4122.548,4143.076,83996
2025-11-25 04:00:00,4143.05,4152.149,4130.301,4132.553,58356
2025-11-25 08:00:00,4132.638,4139.546,4109.18,4133.483,65183
2025-11-25 12:00:00,4133.526,4150.892,4111.058,4123.154,107935
2025-11-25 16:00:00,4123.116,4159.438,4122.131,4133.785,83993
2025-11-25 20:00:00,4133.821,4138.443,4127.699,4133.754,27629
2025-11-26 00:00:00,4133.761,4169.445,4132.619,4166.128,57458
2025-11-26 04:00:00,4166.086,4168.662,4146.651,4157.261,49923
2025-11-26 08:00:00,4157.376,4173.185,4154.72,4171.58,54328
2025-11-26 12:00:00,4171.601,4173.619,4136.532,4165.27,100477
2025-11-26 16:00:00,4165.31,4171.769,4157.975,4163.278,56325
2025-11-26 20:00:00,4163.292,4168.968,4161.304,4165.036,23890
2025-11-27 00:00:00,4164.989,4167.337,4144.169,4147.488,50244
2025-11-27 04:00:00,4147.444,4162.312,4142.625,4160.033,45070
2025-11-27 08:00:00,4160.083,4167.167,4148.285,4157.352,44987
2025-11-27 12:00:00,4157.376,4161.884,4149.2,4158.08,44215
2025-11-27 16:00:00,4158.029,4160.437,4151.467,4157.14,17620
2025-11-27 20:00:00,4160.437,4164.034,4158.323,4163.455,4635
2025-11-28 00:00:00,4163.395,4193.076,4163.117,4184.251,42190
2025-11-28 04:00:00,4184.256,4188.886,4156.073,4174.655,24543
2025-11-28 08:00:00,4174.659,4180.187,4147.816,4172.043,56455
2025-11-28 12:00:00,4172.004,4209.002,4168.736,4203.663,57421
2025-11-28 16:00:00,4203.633,4226.503,4197.629,4219.187,51452
2025-11-30 20:00:00,4220.012,4225.332,4205.865,4221.957,15689
2025-12-01 00:00:00,4221.93,4256.471,4218.269,4239.374,84380
2025-12-01 04:00:00,4239.331,4247.013,4215.458,4245.344,60148
2025-12-01 08:00:00,4245.31,4262.302,4238.464,4254.658,50291
2025-12-01 12:00:00,4254.663,4264.556,4219.613,4232.542,104662
2025-12-01 16:00:00,4232.613,4244.737,4223.151,4236.875,93161
2025-12-01 20:00:00,4236.899,4241.566,4224.447,4227.724,34993
2025-12-02 00:00:00,4227.728,4229.79,4191.38,4216.882,81904
2025-12-02 04:00:00,4216.837,4226.34,4203.282,4213.331,53999
2025-12-02 08:00:00,4213.41,4217.224,4180.969,4205.312,60395
2025-12-02 12:00:00,4205.278,4230.883,4163.59,4169.45,116134
2025-12-02 16:00:00,4169.498,4200.717,4166.898,4196.544,81529
2025-12-02 20:00:00,4196.581,4216.26,4194.886,4212.9,33581
2025-12-03 00:00:00,4212.937,4228.96,4204.363,4221.268,62125
2025-12-03 04:00:00,4221.224,4225.452,4200.009,4206.477,59750
2025-12-03 08:00:00,4206.524,4210.359,4194.504,4208.588,50614
2025-12-03 12:00:00,4208.561,4241.603,4205.135,4216.366,110341
2025-12-03 16:00:00,4216.331,4224.988,4195.249,4207.968,78891
2025-12-03 20:00:00,4207.854,4212.725,4202.419,4207.189,25840
2025-12-04 00:00:00,4207.126,4216.841,4187.265,4195.875,60822
2025-12-04 04:00:00,4195.789,4199.125,4174.892,4193.768,62714
2025-12-04 08:00:00,4193.737,4206.546,4183.71,4198.676,51820
2025-12-04 12:00:00,4198.649,4213.61,4185.499,4207.544,97226
2025-12-04 16:00:00,4207.517,4219.51,4199.623,4208.963,59469
2025-12-04 20:00:00,4208.945,4210.405,4203.889,4206.103,21034
2025-12-05 00:00:00,4206.101,4211.003,4194.848,4209.581,48206
2025-12-05 04:00:00,4209.568,4230.725,4207.887,4224.387,44346
2025-12-05 08:00:00,4224.433,4227.577,4215.933,4223.717,33243
2025-12-05 12:00:00,4223.768,4259.264,4221.548,4243.504,87110
2025-12-05 16:00:00,4243.56,4245.731,4198.675,4207.673,105630
2025-12-05 20:00:00,4207.714,4207.868,4191.887,4198.546,37331
2025-12-07 20:00:00,4202.486,4208.675,4190.061,4201.413,2189
2025-12-08 00:00:00,4201.457,4213.439,4197.6,4210.041,50848
2025-12-08 04:00:00,4210.075,4218.987,4204.627,4206.888,34367
2025-12-08 08:00:00,4206.887,4216.555,4199.646,4208.407,38058
2025-12-08 12:00:00,4208.462,4215.588,4176.161,4182.957,80884
2025-12-08 16:00:00,4182.915,4197.915,4177.142,4187.081,46482
2025-12-08 20:00:00,4187.041,4195.521,4184.922,4194.759,16111
2025-12-09 00:00:00,4194.764,4198.868,4186.036,4194.562,38469
2025-12-09 04:00:00,4194.547,4195.71,4170.121,4182.392,46970
2025-12-09 08:00:00,4182.356,4213.164,4182.356,4203.0,49713
2025-12-09 12:00:00,4203.048,4216.52,4189.44,4212.586,92352
2025-12-09 16:00:00,4212.546,4221.55,4201.239,4212.601,68992
2025-12-09 20:00:00,4212.564,4216.082,4207.183,4210.894,37734
2025-12-10 00:00:00,4210.839,4218.802,4203.789,4206.324,49317
2025-12-10 04:00:00,4206.402,4214.43,4201.794,4203.416,38207
2025-12-10 08:00:00,4203.381,4206.637,4187.753,4197.24,43193
2025-12-10 12:00:00,4197.335,4207.139,4188.981,4193.644,72399
2025-12-10 16:00:00,4193.739,4219.92,4181.71,4216.429,103769
2025-12-10 20:00:00,4216.396,4238.73,4211.037,4232.443,61737
2025-12-11 00:00:00,4232.526,4247.786,4209.368,4216.812,70826
2025-12-11 04:00:00,4216.762,4218.713,4204.34,4216.103,50956
2025-12-11 08:00:00,4216.077,4225.955,4209.672,4211.198,63769
2025-12-11 12:00:00,4211.221,4261.564,4205.216,4256.029,173050
2025-12-11 16:00:00,4255.957,4285.983,4250.091,4273.645,156904
2025-12-11 20:00:00,4273.622,4283.684,4264.251,4276.547,66403
2025-12-12 00:00:00,4276.495,4280.226,4264.762,4270.633,54960
2025-12-12 04:00:00,4270.615,4290.581,4266.109,4287.179,36783
2025-12-12 08:00:00,4287.134,4339.379,4287.005,4336.456,62998
2025-12-12 12:00:00,4336.527,4353.594,4283.106,4290.518,165912
2025-12-12 16:00:00,4290.47,4303.651,4256.982,4296.576,159497
2025-12-12 20:00:00,4296.551,4304.323,4288.427,4301.007,25818
2025-12-14 20:00:00,4300.549,4308.435,4299.886,4302.415,9925
2025-12-15 00:00:00,4302.455,4329.658,4300.079,4327.099,51721
2025-12-15 04:00:00,4327.171,4347.623,4323.173,4339.373,45052
2025-12-15 08:00:00,4339.329,4350.376,4335.357,4342.771,37358
2025-12-15 12:00:00,4342.869,4348.484,4311.491,4318.331,110420
2025-12-15 16:00:00,4318.363,4318.965,4285.204,4314.251,88677
2025-12-15 20:00:00,4314.2,4314.525,4299.486,4304.174,26480
2025-12-16 00:00:00,4304.156,4317.948,4280.595,4290.863,78228
2025-12-16 04:00:00,4290.891,4292.307,4271.623,4287.667,54165
2025-12-16 08:00:00,4287.601,4289.561,4273.776,4278.406,44449
2025-12-16 12:00:00,4278.446,4335.161,4276.729,4319.829,110406
2025-12-16 16:00:00,4319.782,4323.196,4291.088,4310.747,83594
2025-12-16 20:00:00,4310.7,4314.407,4300.717,4307.884,23233
2025-12-17 00:00:00,4307.929,4327.888,4307.399,4323.663,61431
2025-12-17 04:00:00,4323.694,4342.554,4315.579,4317.851,57766
2025-12-17 08:00:00,4317.822,4323.317,4306.477,4316.433,42763
2025-12-17 12:00:00,4316.481,4349.321,4314.945,4330.212,109049
2025-12-17 16:00:00,4330.263,4346.463,4320.336,4336.991,94162
2025-12-17 20:00:00,4336.959,4346.352,4335.216,4339.225,24177
2025-12-18 00:00:00,4339.174,4342.962,4324.224,4333.117,58379
2025-12-18 04:00:00,4333.22,4337.764,4328.6,4331.442,38763
2025-12-18 08:00:00,4331.403,4332.616,4320.608,4325.591,36614
2025-12-18 12:00:00,4325.596,4343.126,4308.678,4338.245,119869
2025-12-18 16:00:00,4338.289,4374.669,4321.681,4325.0,134215
2025-12-18 20:00:00,4325.016,4338.183,4324.504,4335.168,27266
2025-12-19 00:00:00,4335.194,4335.865,4309.245,4318.048,58109
2025-12-19 04:00:00,4318.055,4329.563,4316.924,4322.78,43771
2025-12-19 08:00:00,4322.74,4333.614,4321.114,4327.262,38753
2025-12-19 12:00:00,4327.314,4349.073,4319.754,4347.824,89133
2025-12-19 16:00:00,4347.797,4356.583,4341.992,4345.38,62918
2025-12-19 20:00:00,4345.323,4346.379,4336.661,4339.389,16120
2025-12-21 20:00:00,4341.003,4356.465,4339.968,4355.369,7979
2025-12-22 00:00:00,4355.302,4395.015,4355.302,4392.657,61340
2025-12-22 04:00:00,4392.696,4420.371,4391.353,4414.376,50949
2025-12-22 08:00:00,4414.304,4415.974,4406.162,4410.296,35252
2025-12-22 12:00:00,4410.23,4435.531,4406.181,4431.861,80911
2025-12-22 16:00:00,4431.832,4442.324,4428.067,4433.511,48527
2025-12-22 20:00:00,4433.473,4461.799,4431.747,4460.267,24616
2025-12-23 00:00:00,4460.26,4497.854,4458.057,4486.887,63175
2025-12-23 04:00:00,4486.848,4489.647,4469.542,4486.716,44439
2025-12-23 08:00:00,4486.68,4494.173,4478.244,4493.525,39100
2025-12-23 12:00:00,4493.488,4497.383,4430.583,4458.535,127185
2025-12-23 16:00:00,4458.495,4496.35,4455.918,4490.884,65669
2025-12-23 20:00:00,4490.92,4510.423,4483.592,4503.368,29553
2025-12-24 00:00:00,4503.383,4525.993,4469.007,4493.162,91857
2025-12-24 04:00:00,4493.188,4501.59,4483.464,4483.949,47946
2025-12-24 08:00:00,4483.999,4499.923,4478.115,4491.5,49098
2025-12-24 12:00:00,4491.536,4496.074,4448.318,4458.358,112812
2025-12-24 16:00:00,4458.406,4487.635,4455.911,4480.739,45526
2025-12-25 20:00:00,4486.217,4500.048,4484.459,4495.269,9555
2025-12-26 00:00:00,4495.196,4531.356,4492.327,4501.86,88947
2025-12-26 04:00:00,4501.754,4519.435,4500.551,4510.981,46175
2025-12-26 08:00:00,4511.018,4523.882,4502.797,4509.671,46513
2025-12-26 12:00:00,4509.635,4547.684,4503.869,4546.702,100579
2025-12-26 16:00:00,4546.655,4550.212,4509.869,4523.796,99992
2025-12-26 20:00:00,4523.824,4535.403,4521.846,4532.539,32338
2025-12-28 20:00:00,4546.238,4548.524,4523.383,4527.208,25289
2025-12-29 00:00:00,4527.234,4528.055,4472.266,4516.349,135533
2025-12-29 04:00:00,4516.364,4519.54,4445.014,4474.616,106058
2025-12-29 08:00:00,4474.737,4488.656,4434.234,4446.708,89783
2025-12-29 12:00:00,4446.734,4467.785,4302.161,4325.342,201785
2025-12-29 16:00:00,4325.306,4347.545,4314.738,4337.017,110266
2025-12-29 20:00:00,4337.042,4347.204,4323.358,4345.669,42392
2025-12-30 00:00:00,4345.609,4369.288,4324.434,4359.288,83728
2025-12-30 04:00:00,4359.381,4383.59,4357.608,4372.593,66119
2025-12-30 08:00:00,4372.649,4391.807,4350.161,4384.433,60351
2025-12-30 12:00:00,4384.39,4404.286,4355.804,4365.12,125301
2025-12-30 16:00:00,4365.156,4381.827,4337.593,4348.648,81603
2025-12-30 20:00:00,4348.673,4355.595,4328.532,4338.946,47683
2025-12-31 00:00:00,4339.001,4373.474,4332.491,4348.681,97503
2025-12-31 04:00:00,4348.641,4351.419,4274.365,4331.132,107428
2025-12-31 08:00:00,4331.103,4337.398,4303.36,4310.957,68357
2025-12-31 12:00:00,4310.931,4353.641,4303.12,4337.298,104855
2025-12-31 16:00:00,4337.345,4339.712,4307.408,4311.369,52069
2025-12-31 20:00:00,4311.168,4324.569,4304.275,4318.871,12376
2026-01-01 20:00:00,4328.364,4351.55,4327.697,4348.373,8141
2026-01-02 00:00:00,4348.382,4375.87,4341.303,4375.197,49401
2026-01-02 04:00:00,4375.154,4383.35,4370.97,4382.824,40783
2026-01-02 08:00:00,4382.787,4399.408,4380.512,4392.922,40187
2026-01-02 12:00:00,4392.915,4402.489,4330.264,4335.494,129167
2026-01-02 16:00:00,4335.441,4337.425,4309.704,4318.209,102372
2026-01-02 20:00:00,4318.252,4333.984,4317.176,4331.783,20418
2026-01-04 20:00:00,4353.51,4375.951,4349.858,4372.594,15661
2026-01-05 00:00:00,4372.621,4421.164,4370.251,4399.965,115544
2026-01-05 04:00:00,4399.933,4426.583,4397.452,4421.85,57379
2026-01-05 08:00:00,4421.892,4440.035,4411.097,4419.373,56100
2026-01-05 12:00:00,4419.34,4455.721,4395.919,4448.548,122059
2026-01-05 16:00:00,4448.511,4454.495,4432.285,4439.869,70252
2026-01-05 20:00:00,4439.829,4460.314,4436.893,4440.358,29522
2026-01-06 00:00:00,4440.45,4468.236,4427.699,4467.829,74792
2026-01-06 04:00:00,4467.706,4474.299,4449.456,4459.503,57143
2026-01-06 08:00:00,4459.525,4476.026,4442.589,4463.401,54757
2026-01-06 12:00:00,4463.343,4490.992,4453.999,4478.375,98850
2026-01-06 16:00:00,4478.344,4494.152,4471.64,4481.433,68400
2026-01-06 20:00:00,4481.402,4500.565,4480.32,4493.247,25460
2026-01-07 00:00:00,4493.332,4495.955,4459.479,4474.727,86579
2026-01-07 04:00:00,4474.669,4476.107,4441.443,4461.297,76862
2026-01-07 08:00:00,4461.207,4474.869,4446.608,4447.493,47945
2026-01-07 12:00:00,4447.465,4455.149,4423.587,4446.102,124672
2026-01-07 16:00:00,4446.068,4468.463,4443.934,4456.876,70529
2026-01-07 20:00:00,4456.92,4464.194,4449.818,4463.442,28166
2026-01-08 00:00:00,4463.463,4466.504,4433.358,4440.323,71965
2026-01-08 04:00:00,4440.347,4440.595,4415.535,4431.08,72956
2026-01-08 08:00:00,4431.0,4435.473,4419.856,4422.752,49523
2026-01-08 12:00:00,4422.793,4456.56,4407.581,4454.174,122991
2026-01-08 16:00:00,4454.215,4465.527,4444.356,4452.165,67268
2026-01-08 20:00:00,4452.044,4484.227,4451.445,4475.621,34102
2026-01-09 00:00:00,4475.656,4476.766,4452.843,4464.243,63630
2026-01-09 04:00:00,4464.25,4477.412,4458.064,4470.254,45035
2026-01-09 08:00:00,4470.291,4477.698,4463.995,4475.454,36623
2026-01-09 12:00:00,4475.43,4517.204,4458.93,4512.296,132503
2026-01-09 16:00:00,4512.395,4514.432,4482.025,4499.346,75679
2026-01-09 20:00:00,4499.318,4511.203,4497.823,4509.099,19976
2026-01-11 20:00:00,4517.942,4545.034,4517.942,4539.984,13229
2026-01-12 00:00:00,4540.051,4601.256,4536.296,4570.682,125897
2026-01-12 04:00:00,4570.719,4589.665,4563.54,4587.724,59859
2026-01-12 08:00:00,4587.767,4599.378,4579.53,4585.296,54362
2026-01-12 12:00:00,4585.285,4627.45,4578.473,4621.292,129637
2026-01-12 16:00:00,4621.266,4630.207,4600.467,4611.129,72538
2026-01-12 20:00:00,4611.162,4611.784,4577.958,4599.395,43962
2026-01-13 00:00:00,4599.432,4599.741,4575.474,4594.19,70004
2026-01-13 04:00:00,4594.149,4602.271,4573.305,4580.572,54037
2026-01-13 08:00:00,4580.539,4597.249,4579.56,4588.527,42322
2026-01-13 12:00:00,4588.623,4634.798,4577.871,4619.128,120623
2026-01-13 16:00:00,4619.025,4620.82,4581.069,4597.527,92517
2026-01-13 20:00:00,4597.563,4598.881,4569.258,4597.16,39063
2026-01-14 00:00:00,4597.205,4630.112,4597.134,4628.262,64786
2026-01-14 04:00:00,4628.34,4639.911,4617.813,4632.658,67227
2026-01-14 08:00:00,4632.586,4639.692,4621.962,4630.352,50641
2026-01-14 12:00:00,4630.364,4642.013,4599.359,4617.879,125089
2026-01-14 16:00:00,4617.916,4643.188,4601.1,4639.247,92882
2026-01-14 20:00:00,4639.245,4641.59,4602.864,4615.318,57090
2026-01-15 00:00:00,4615.28,4618.211,4581.093,4592.306,107966
2026-01-15 04:00:00,4592.282,4613.635,4581.019,4601.842,69257
2026-01-15 08:00:00,4601.799,4623.056,4597.831,4619.156,47505
2026-01-15 12:00:00,4619.208,4620.816,4582.024,4615.497,115549
2026-01-15 16:00:00,4615.462,4624.926,4601.186,4615.818,66018
2026-01-15 20:00:00,4615.932,4621.018,4600.78,4610.308,35452
2026-01-16 00:00:00,4610.267,4611.382,4591.261,4596.515,67183
2026-01-16 04:00:00,4596.377,4616.222,4593.875,4607.537,51219
2026-01-16 08:00:00,4607.49,4616.176,4598.617,4612.495,39269
2026-01-16 12:00:00,4612.534,4620.587,4536.753,4571.422,150578
2026-01-16 16:00:00,4571.375,4599.082,4567.984,4590.596,102707
2026-01-16 20:00:00,4590.611,4598.568,4580.898,4596.612,26206
2026-01-18 20:00:00,4655.382,4690.724,4653.848,4672.597,25469
2026-01-19 00:00:00,4672.654,4682.138,4653.162,4658.545,95642
2026-01-19 04:00:00,4658.58,4679.061,4658.158,4665.21,44815
2026-01-19 08:00:00,4665.164,4673.87,4659.611,4660.729,41525
2026-01-19 12:00:00,4660.7,4676.083,4660.102,4674.353,46226
2026-01-19 16:00:00,4674.307,4680.514,4667.083,4670.952,24840
2026-01-19 20:00:00,4673.464,4673.619,4664.599,4665.43,6543
2026-01-20 00:00:00,4665.395,4681.633,4659.479,4680.2,49558
2026-01-20 04:00:00,4680.149,4722.799,4679.708,4716.192,65126
2026-01-20 08:00:00,4716.219,4737.448,4714.99,4733.053,54738
2026-01-20 12:00:00,4733.009,4751.195,4715.256,4737.519,146109
2026-01-20 16:00:00,4737.488,4766.391,4729.088,4760.72,74004
2026-01-20 20:00:00,4760.723,4781.107,4747.442,4775.902,57782
2026-01-21 00:00:00,4775.853,4849.992,4770.775,4845.027,99732
2026-01-21 04:00:00,4845.027,4888.519,4832.5,4855.19,98614
2026-01-21 08:00:00,4855.166,4877.126,4851.553,4866.836,60831
2026-01-21 12:00:00,4866.869,4880.999,4812.728,4847.839,172920
2026-01-21 16:00:00,4847.885,4855.814,4755.874,4781.288,205223
2026-01-21 20:00:00,4781.253,4839.831,4772.349,4778.405,91010
2026-01-22 00:00:00,4778.341,4809.663,4772.232,4796.628,96409
2026-01-22 04:00:00,4796.606,4838.839,4793.712,4832.708,56151
2026-01-22 08:00:00,4832.683,4838.024,4813.919,4831.148,51906
2026-01-22 12:00:00,4831.132,4873.745,4810.717,4871.734,108836
2026-01-22 16:00:00,4871.78,4924.501,4868.109,4911.687,100479
2026-01-22 20:00:00,4911.724,4960.611,4911.417,4958.996,46350
2026-01-23 00:00:00,4959.035,4967.559,4936.29,4952.031,85483
2026-01-23 04:00:00,4951.995,4967.331,4943.364,4944.437,51395
2026-01-23 08:00:00,4944.373,4947.603,4899.566,4922.986,84540
2026-01-23 12:00:00,4923.023,4963.399,4918.316,4960.608,118090
2026-01-23 16:00:00,4960.635,4989.828,4958.255,4984.355,96187
2026-01-23 20:00:00,4984.321,4989.074,4970.621,4988.361,30857
2026-01-25 20:00:00,5019.871,5040.32,5003.599,5039.813,30605
2026-01-26 00:00:00,5039.845,5093.128,5029.099,5076.565,134629
2026-01-26 04:00:00,5076.667,5111.168,5052.334,5089.299,110938
2026-01-26 08:00:00,5089.258,5098.681,5075.47,5091.462,72639
2026-01-26 12:00:00,5091.43,5097.372,5054.552,5090.941,145158
2026-01-26 16:00:00,5090.843,5105.177,5008.242,5028.721,249427
2026-01-26 20:00:00,5028.686,5062.366,4989.656,5043.653,134325
2026-01-27 00:00:00,5043.612,5079.867,5013.509,5076.895,130250
2026-01-27 04:00:00,5076.832,5100.986,5057.36,5086.152,89208
2026-01-27 08:00:00,5086.087,5099.625,5066.844,5076.758,76363
2026-01-27 12:00:00,5076.726,5092.999,5046.52,5091.101,200304
2026-01-27 16:00:00,5091.064,5103.154,5076.21,5098.95,130177
2026-01-27 20:00:00,5098.976,5190.514,5097.878,5172.457,140772
2026-01-28 00:00:00,5172.413,5247.804,5157.083,5235.073,156303
2026-01-28 04:00:00,5235.01,5292.827,5232.383,5290.421,97362
2026-01-28 08:00:00,5290.377,5311.566,5238.6,5261.662,122683
2026-01-28 12:00:00,5261.724,5298.176,5235.272,5278.259,246221
2026-01-28 16:00:00,5278.3,5332.26,5268.507,5325.453,239544
2026-01-28 20:00:00,5325.398,5570.054,5320.922,5513.046,187314
2026-01-29 00:00:00,5513.013,5551.693,5445.495,5545.793,280462
2026-01-29 04:00:00,5545.755,5595.373,5516.132,5549.008,191488
2026-01-29 08:00:00,5548.973,5554.965,5470.763,5522.69,167524
2026-01-29 12:00:00,5522.663,5549.528,5095.062,5182.919,260447
2026-01-29 16:00:00,5182.804,5375.484,5172.055,5305.726,274590
2026-01-29 20:00:00,5305.795,5448.575,5282.815,5438.613,112593
2026-01-30 00:00:00,5438.575,5450.97,5112.07,5196.597,535739
2026-01-30 04:00:00,5196.559,5241.64,5117.649,5181.241,294465
2026-01-30 08:00:00,5181.195,5181.195,4940.291,5136.096,496239
2026-01-30 12:00:00,5136.124,5145.92,4980.422,5050.448,465346
2026-01-30 16:00:00,5050.496,5051.689,4682.723,4932.685,422464
2026-01-30 20:00:00,4932.725,4933.002,4809.051,4891.52,101384
2026-02-01 20:00:00,4793.603,4819.812,4697.936,4741.47,41132
2026-02-02 00:00:00,4741.612,4884.914,4585.355,4646.618,320404
2026-02-02 04:00:00,4646.52,4713.511,4401.985,4587.199,312924
2026-02-02 08:00:00,4587.261,4779.799,4561.578,4766.052,213124
2026-02-02 12:00:00,4765.881,4812.486,4617.085,4620.001,308094
2026-02-02 16:00:00,4620.077,4714.113,4596.535,4685.443,189676
2026-02-02 20:00:00,4685.539,4775.156,4643.795,4774.202,86106
2026-02-03 00:00:00,4774.289,4856.973,4745.523,4809.04,188152
2026-02-03 04:00:00,4809.212,4933.774,4800.895,4917.131,110496
2026-02-03 08:00:00,4917.201,4949.919,4883.567,4916.769,79598
2026-02-03 12:00:00,4916.971,4950.989,4892.265,4935.354,144616
2026-02-03 16:00:00,4935.473,4993.703,4880.394,4927.274,169218
2026-02-03 20:00:00,4927.192,4972.064,4902.347,4947.29,54059
2026-02-04 00:00:00,4947.443,5073.633,4945.751,5069.976,102805
2026-02-04 04:00:00,5070.062,5091.426,5050.997,5084.739,53397
2026-02-04 08:00:00,5084.655,5091.909,5013.543,5047.71,57817
2026-02-04 12:00:00,5047.6,5063.581,4887.411,4920.543,163208
2026-02-04 16:00:00,4920.166,4958.056,4852.293,4941.851,154263
2026-02-04 20:00:00,4941.8,5023.807,4914.241,5012.231,35741
2026-02-05 00:00:00,5012.305,5020.546,4788.661,4880.578,199633
2026-02-05 04:00:00,4880.502,4941.033,4826.418,4915.112,112902
2026-02-05 08:00:00,4915.229,4943.599,4847.322,4868.324,100717
2026-02-05 12:00:00,4868.339,4878.029,4800.577,4817.704,222741
2026-02-05 16:00:00,4817.601,4906.918,4812.311,4829.362,131540
2026-02-05 20:00:00,4829.47,4843.19,4703.392,4703.792,61039
2026-02-06 00:00:00,4703.706,4846.496,4655.26,4824.312,172985
2026-02-06 04:00:00,4824.179,4903.345,4807.067,4841.09,72747
2026-02-06 08:00:00,4841.035,4895.936,4829.631,4887.124,63498
2026-02-06 12:00:00,4887.216,4964.764,4871.207,4943.432,95546
2026-02-06 16:00:00,4943.605,4971.514,4921.92,4957.222,49271
2026-02-06 20:00:00,4957.065,4968.339,4936.577,4968.22,16189
2026-02-08 20:00:00,4967.723,5046.912,4964.787,5035.998,13779
2026-02-09 00:00:00,5036.073,5044.959,4968.975,5016.287,73013
2026-02-09 04:00:00,5016.224,5045.802,4997.334,5006.493,48874
2026-02-09 08:00:00,5006.579,5040.986,4982.101,5010.722,49340
2026-02-09 12:00:00,5010.993,5060.307,4995.019,5058.832,68494
2026-02-09 16:00:00,5058.883,5080.75,5040.995,5074.616,38901
2026-02-09 20:00:00,5074.679,5086.751,4987.384,5031.957,31701
2026-02-10 00:00:00,5031.883,5056.476,5009.05,5030.036,64706
2026-02-10 04:00:00,5030.14,5045.475,5011.186,5034.006,42899
2026-02-10 08:00:00,5033.853,5063.062,5028.893,5055.947,36420
2026-02-10 12:00:00,5055.912,5078.717,4998.774,5019.746,71440
2026-02-10 16:00:00,5019.711,5040.094,5004.549,5028.105,44962
2026-02-10 20:00:00,5028.063,5054.433,5020.152,5041.586,32675
2026-02-11 00:00:00,5041.652,5061.057,5028.21,5054.534,37291
2026-02-11 04:00:00,5054.533,5069.183,5043.407,5055.509,33103
2026-02-11 08:00:00,5055.346,5116.858,5045.709,5111.626,38698
2026-02-11 12:00:00,5111.703,5119.313,5019.127,5060.359,103727
2026-02-11 16:00:00,5060.212,5099.002,5042.755,5082.143,48258
2026-02-11 20:00:00,5082.059,5100.216,5053.094,5061.451,22018
2026-02-12 00:00:00,5061.359,5074.676,5045.165,5056.999,44350
2026-02-12 04:00:00,5057.026,5078.248,5047.02,5063.79,30457
2026-02-12 08:00:00,5063.983,5081.039,5052.227,5064.002,26613
2026-02-12 12:00:00,5064.053,5083.799,5039.084,5060.659,49983
2026-02-12 16:00:00,5060.564,5068.358,4878.402,4945.725,200494
2026-02-12 20:00:00,4945.644,4948.418,4887.729,4920.341,36450
2026-02-13 00:00:00,4920.094,4991.796,4913.841,4981.539,55031
2026-02-13 04:00:00,4981.505,4997.271,4944.903,4974.997,41639
2026-02-13 08:00:00,4975.128,4989.573,4933.553,4954.028,40571
2026-02-13 12:00:00,4954.049,5020.872,4951.968,4976.962,88838
2026-02-13 16:00:00,4977.168,5046.114,4975.248,5023.617,50085
2026-02-13 20:00:00,5023.736,5046.16,5021.302,5042.664,19443
2026-02-15 20:00:00,5026.73,5032.291,5010.218,5019.968,9934
2026-02-16 00:00:00,5019.928,5031.534,4975.104,4987.769,36202
2026-02-16 04:00:00,4987.723,5009.99,4964.648,5007.357,28123
2026-02-16 08:00:00,5007.555,5017.268,4995.772,5004.303,23980
2026-02-16 12:00:00,5004.276,5008.132,4968.931,4979.759,29048
2026-02-16 16:00:00,4979.731,4997.969,4972.972,4993.949,20089
2026-02-16 20:00:00,4998.313,5000.773,4985.403,4990.022,5026
2026-02-17 00:00:00,4989.935,4991.628,4922.905,4956.922,38789
2026-02-17 04:00:00,4956.863,4960.399,4858.818,4917.045,49301
2026-02-17 08:00:00,4917.024,4939.242,4907.626,4929.218,34253
2026-02-17 12:00:00,4929.1,4944.411,4841.248,4878.302,103336
2026-02-17 16:00:00,4878.405,4910.793,4850.014,4880.462,67304
2026-02-17 20:00:00,4880.418,4887.048,4854.013,4859.562,24786
2026-02-18 00:00:00,4859.26,4922.255,4858.495,4920.912,29750
2026-02-18 04:00:00,4920.928,4942.383,4918.344,4930.35,22029
2026-02-18 08:00:00,4930.428,4932.404,4906.282,4913.01,25986
2026-02-18 12:00:00,4912.926,5009.038,4912.035,4997.869,51474
2026-02-18 16:00:00,4998.126,5011.013,4972.935,4980.699,39918
2026-02-18 20:00:00,4980.509,4988.723,4961.496,4976.295,19206
2026-02-19 00:00:00,4976.055,4983.573,4960.486,4981.849,25396
2026-02-19 04:00:00,4981.643,5021.967,4976.988,5010.403,20516
2026-02-19 08:00:00,5010.329,5022.089,4978.05,4984.736,29404
2026-02-19 12:00:00,4984.648,5022.376,4963.42,5013.748,54316
2026-02-19 16:00:00,5013.831,5014.428,4975.114,4987.872,37700
2026-02-19 20:00:00,4987.894,5007.95,4985.791,4987.74,15658
2026-02-20 00:00:00,4987.8,5014.742,4981.759,4988.128,26809
2026-02-20 04:00:00,4988.223,5030.177,4986.751,5006.567,23745
2026-02-20 08:00:00,5006.646,5042.687,5005.14,5017.432,28215
2026-02-20 12:00:00,5017.505,5064.063,4988.972,5042.546,95694
2026-02-20 16:00:00,5042.471,5079.946,5038.464,5079.428,62314
2026-02-20 20:00:00,5079.466,5108.085,5076.904,5105.869,15440
2026-02-22 20:00:00,5111.719,5171.927,5108.868,5165.433,10743
2026-02-23 00:00:00,5165.425,5176.729,5129.534,5166.89,47513
2026-02-23 04:00:00,5166.877,5168.762,5124.991,5136.786,31030
2026-02-23 08:00:00,5136.541,5163.506,5122.252,5149.924,30082
2026-02-23 12:00:00,5149.833,5205.157,5141.291,5196.312,50220
2026-02-23 16:00:00,5196.194,5219.172,5175.625,5215.645,51895
2026-02-23 20:00:00,5215.664,5249.518,5214.941,5235.992,20793
2026-02-24 00:00:00,5235.898,5238.154,5144.847,5172.032,68686
2026-02-24 04:00:00,5171.958,5185.764,5156.208,5179.12,33224
2026-02-24 08:00:00,5179.079,5181.915,5163.271,5172.894,27864
2026-02-24 12:00:00,5172.833,5173.654,5093.418,5150.23,76987
2026-02-24 16:00:00,5150.23,5170.175,5130.596,5154.122,38143
2026-02-24 20:00:00,5154.209,5173.2,5127.652,5146.618,19240
2026-02-25 00:00:00,5146.616,5193.961,5136.534,5182.22,39676
2026-02-25 04:00:00,5182.068,5210.652,5171.85,5184.695,27367
2026-02-25 08:00:00,5184.799,5197.223,5154.869,5181.343,29322
2026-02-25 12:00:00,5181.252,5202.574,5158.65,5194.999,44620
2026-02-25 16:00:00,5194.913,5217.673,5189.571,5205.151,32803
2026-02-25 20:00:00,5204.922,5206.26,5145.863,5163.184,33973
2026-02-26 00:00:00,5163.278,5198.143,5155.403,5192.736,43911
2026-02-26 04:00:00,5192.445,5205.485,5179.561,5185.866,25815
2026-02-26 08:00:00,5186.108,5190.845,5161.16,5164.496,31284
2026-02-26 12:00:00,5164.729,5192.774,5130.553,5185.379,71318
2026-02-26 16:00:00,5185.744,5194.025,5160.603,5187.144,45663
2026-02-26 20:00:00,5187.062,5200.919,5175.554,5184.502,17728
2026-02-27 00:00:00,5184.471,5199.776,5166.77,5184.128,36591
2026-02-27 04:00:00,5184.03,5200.674,5175.599,5176.107,26507
2026-02-27 08:00:00,5176.168,5185.434,5168.613,5185.434,24284
2026-02-27 12:00:00,5185.509,5246.484,5182.943,5239.419,65883
2026-02-27 16:00:00,5239.499,5257.683,5220.666,5250.139,49740
2026-02-27 20:00:00,5250.214,5281.307,5248.678,5279.104,15260
2026-03-01 20:00:00,5319.371,5393.453,5314.78,5386.999,16150
2026-03-02 00:00:00,5386.724,5388.098,5303.192,5366.344,87153
2026-03-02 04:00:00,5366.371,5419.105,5340.546,5407.956,44829
2026-03-02 08:00:00,5407.792,5416.493,5375.099,5385.172,45999
2026-03-02 12:00:00,5385.317,5416.448,5306.403,5316.112,117732
2026-03-02 16:00:00,5316.027,5334.04,5260.307,5330.575,86386
2026-03-02 20:00:00,5330.664,5347.022,5321.679,5345.747,30381
2026-03-03 00:00:00,5345.752,5379.862,5332.71,5367.193,51843
2026-03-03 04:00:00,5367.303,5375.61,5279.158,5327.52,61339
2026-03-03 08:00:00,5327.417,5335.728,5072.999,5144.62,141706
2026-03-03 12:00:00,5144.711,5226.634,4996.019,5095.396,232873
2026-03-03 16:00:00,5095.31,5149.169,5065.146,5113.149,129024
2026-03-03 20:00:00,5113.302,5130.467,5083.193,5125.115,47417
2026-03-04 00:00:00,5125.176,5190.979,5105.777,5174.572,73632
2026-03-04 04:00:00,5174.47,5180.762,5121.443,5168.241,54106
2026-03-04 08:00:00,5168.335,5202.388,5147.252,5192.167,47148
2026-03-04 12:00:00,5192.023,5206.033,5131.004,5151.458,107324
2026-03-04 16:00:00,5151.574,5162.523,5108.68,5137.865,62862
2026-03-04 20:00:00,5137.789,5165.942,5123.755,5165.022,45868
2026-03-05 00:00:00,5164.946,5195.046,5159.575,5180.352,38963
2026-03-05 04:00:00,5180.222,5186.795,5120.657,5162.11,40375
2026-03-05 08:00:00,5162.181,5180.433,5137.618,5163.528,39495
2026-03-05 12:00:00,5163.54,5171.635,5059.911,5102.496,108934
2026-03-05 16:00:00,5102.478,5104.421,5050.74,5065.872,82890
2026-03-05 20:00:00,5065.706,5101.822,5061.669,5086.325,30175
2026-03-06 00:00:00,5086.122,5143.97,5066.14,5130.963,42553
2026-03-06 04:00:00,5131.204,5136.175,5105.706,5119.512,26674
2026-03-06 08:00:00,5119.579,5123.248,5062.574,5076.777,37423
2026-03-06 12:00:00,5076.884,5171.728,5065.373,5141.935,114468
2026-03-06 16:00:00,5141.876,5174.685,5125.921,5159.865,54660
2026-03-06 20:00:00,5159.941,5176.648,5149.556,5174.149,16394
2026-03-08 20:00:00,5178.877,5180.276,5044.284,5075.502,40717
2026-03-09 00:00:00,5076.033,5102.496,5014.497,5091.28,95955
2026-03-09 04:00:00,5091.147,5140.515,5080.862,5098.998,53069
2026-03-09 08:00:00,5098.926,5132.563,5079.419,5088.109,49485
2026-03-09 12:00:00,5088.057,5116.195,5060.693,5099.523,78708
2026-03-09 16:00:00,5099.673,5144.035,5088.984,5141.092,43492
2026-03-09 20:00:00,5141.172,5156.008,5117.902,5139.505,21738
2026-03-10 00:00:00,5139.668,5187.172,5124.609,5157.739,45731
2026-03-10 04:00:00,5157.527,5181.362,5154.552,5180.829,26451
2026-03-10 08:00:00,5180.921,5195.171,5156.699,5174.966,34733
2026-03-10 12:00:00,5175.138,5238.491,5162.604,5228.737,57216
2026-03-10 16:00:00,5228.823,5235.635,5160.287,5198.858,58195
2026-03-10 20:00:00,5198.711,5199.221,5182.915,5196.911,16735
2026-03-11 00:00:00,5196.985,5223.101,5186.758,5203.408,32484
2026-03-11 04:00:00,5203.115,5210.824,5184.425,5195.566,26560
2026-03-11 08:00:00,5195.383,5198.472,5175.142,5181.043,31445
2026-03-11 12:00:00,5181.178,5196.549,5149.242,5166.083,63586
2026-03-11 16:00:00,5166.306,5183.247,5154.175,5183.03,31311
2026-03-11 20:00:00,5182.944,5183.52,5129.849,5134.282,16802
2026-03-12 00:00:00,5134.139,5175.212,5125.434,5152.987,37148
2026-03-12 04:00:00,5153.068,5185.432,5137.083,5181.853,24180
2026-03-12 08:00:00,5181.96,5191.716,5172.606,5178.833,25352
2026-03-12 12:00:00,5178.923,5186.101,5109.568,5132.491,65640
2026-03-12 16:00:00,5132.168,5138.008,5079.265,5084.855,44589
2026-03-12 20:00:00,5084.78,5101.25,5054.81,5098.223,21560
2026-03-13 00:00:00,5098.126,5128.417,5097.341,5115.363,26997
2026-03-13 04:00:00,5115.659,5117.93,5071.788,5084.949,30135
2026-03-13 08:00:00,5085.176,5107.788,5061.311,5107.425,32771
2026-03-13 12:00:00,5107.334,5121.941,5031.722,5034.873,73135
2026-03-13 16:00:00,5034.778,5063.986,5009.584,5016.47,54063
2026-03-13 20:00:00,5016.548,5025.467,5012.259,5021.036,7948
2026-03-15 20:00:00,5017.211,5030.49,4966.879,4997.547,23605
2026-03-16 00:00:00,4997.474,5031.163,4982.584,5019.114,54864
2026-03-16 04:00:00,5019.17,5036.073,4991.733,4995.266,32882
2026-03-16 08:00:00,4995.352,5022.753,4970.07,4997.107,41488
2026-03-16 12:00:00,4997.184,5038.126,4983.946,4986.999,55848
2026-03-16 16:00:00,4986.976,5020.18,4973.976,5012.737,36577
2026-03-16 20:00:00,5012.664,5021.672,4998.614,5012.837,13743
2026-03-17 00:00:00,5012.945,5033.556,4994.584,5027.696,28991
2026-03-17 04:00:00,5027.411,5044.533,5005.213,5021.127,30293
2026-03-17 08:00:00,5021.086,5029.549,4991.747,5003.161,29420
2026-03-17 12:00:00,5003.22,5031.551,4973.405,4997.865,50278
2026-03-17 16:00:00,4998.091,5009.081,4991.583,5000.261,28339
2026-03-17 20:00:00,5000.393,5006.466,4993.308,5002.796,20092
2026-03-18 00:00:00,5002.849,5016.094,4986.29,4991.43,27414
2026-03-18 04:00:00,4991.412,5016.371,4981.641,4995.091,24202
2026-03-18 08:00:00,4994.731,4996.709,4924.895,4930.087,40820
2026-03-18 12:00:00,4930.374,4932.359,4834.021,4862.568,106123
2026-03-18 16:00:00,4862.642,4899.342,4838.156,4843.04,63277
2026-03-18 20:00:00,4842.994,4848.373,4804.33,4836.89,30246
2026-03-19 00:00:00,4836.69,4866.938,4832.702,4850.989,40930
2026-03-19 04:00:00,4850.928,4853.747,4727.136,4727.841,60182
2026-03-19 08:00:00,4728.046,4740.358,4650.673,4652.271,115040
2026-03-19 12:00:00,4651.913,4653.982,4502.652,4596.568,241640
2026-03-19 16:00:00,4596.407,4663.436,4573.729,4644.068,124375
2026-03-19 20:00:00,4643.71,4677.074,4634.277,4643.749,23317
2026-03-20 00:00:00,4643.677,4735.848,4639.33,4725.616,62904
2026-03-20 04:00:00,4725.715,4727.652,4661.304,4706.193,49892
2026-03-20 08:00:00,4706.275,4734.792,4636.973,4671.666,62047
2026-03-20 12:00:00,4671.783,4695.567,4540.463,4553.216,281579
2026-03-20 16:00:00,4553.365,4613.795,4477.103,4501.459,251811
2026-03-20 20:00:00,4501.635,4514.602,4493.453,4497.525,24620
2026-03-22 20:00:00,4477.834,4536.155,4449.61,4464.766,48934
2026-03-23 00:00:00,4464.609,4473.225,4319.533,4353.029,358646
2026-03-23 04:00:00,4352.956,4381.65,4098.4,4204.138,385287
2026-03-23 08:00:00,4204.188,4463.477,4203.004,4379.178,438984
2026-03-23 12:00:00,4378.87,4512.859,4336.694,4363.703,546322
2026-03-23 16:00:00,4363.637,4467.134,4352.467,4397.822,291108
2026-03-23 20:00:00,4397.735,4448.076,4361.471,4441.251,50506
2026-03-24 00:00:00,4441.187,4446.648,4305.677,4347.239,245772
2026-03-24 04:00:00,4346.984,4432.465,4319.513,4417.131,183909
2026-03-24 08:00:00,4417.009,4442.168,4375.321,4407.677,151767
2026-03-24 12:00:00,4407.774,4433.94,4351.558,4411.617,301598
2026-03-24 16:00:00,4411.756,4427.682,4372.189,4400.211,169499
2026-03-24 20:00:00,4400.452,4551.433,4397.299,4546.817,82072
2026-03-25 00:00:00,4546.73,4602.518,4537.39,4570.212,113245
2026-03-25 04:00:00,4570.217,4574.746,4533.217,4539.431,71247
2026-03-25 08:00:00,4539.522,4585.747,4527.533,4578.841,103333
2026-03-25 12:00:00,4578.791,4583.876,4522.084,4559.159,225279
2026-03-25 16:00:00,4559.103,4569.077,4486.881,4530.704,146625
2026-03-25 20:00:00,4530.64,4542.105,4488.93,4498.149,50856
2026-03-26 00:00:00,4498.393,4544.614,4498.169,4516.493,104446
2026-03-26 04:00:00,4516.546,4524.143,4415.776,4452.788,137015
2026-03-26 08:00:00,4452.573,4459.295,4412.414,4423.196,154161
2026-03-26 12:00:00,4423.241,4479.562,4416.307,4438.165,249048
2026-03-26 16:00:00,4438.118,4442.875,4359.054,4364.085,194589
2026-03-26 20:00:00,4364.019,4420.751,4350.996,4404.957,93820
2026-03-27 00:00:00,4405.004,4446.215,4375.234,4437.439,95463
2026-03-27 04:00:00,4437.595,4475.371,4431.424,4447.676,78742
2026-03-27 08:00:00,4447.575,4450.994,4404.256,4419.864,82297
2026-03-27 12:00:00,4419.917,4555.48,4412.72,4524.041,146894
2026-03-27 16:00:00,4524.104,4533.895,4486.336,4514.531,90678
2026-03-27 20:00:00,4514.589,4520.39,4490.85,4495.436,11513
2026-03-29 20:00:00,4511.803,4513.999,4443.823,4448.612,33535
2026-03-30 00:00:00,4448.712,4517.65,4418.55,4496.195,108649
2026-03-30 04:00:00,4495.985,4550.634,4486.219,4527.251,61922
2026-03-30 08:00:00,4527.13,4580.736,4523.763,4559.429,60724
2026-03-30 12:00:00,4559.491,4578.652,4512.165,4548.447,117912
2026-03-30 16:00:00,4548.391,4549.689,4493.039,4513.668,73506
2026-03-30 20:00:00,4513.594,4523.815,4492.404,4513.618,23318
2026-03-31 00:00:00,4513.586,4619.524,4482.608,4556.987,108761
2026-03-31 04:00:00,4556.992,4581.794,4543.246,4564.453,54368
2026-03-31 08:00:00,4564.538,4593.149,4529.322,4582.162,65895
2026-03-31 12:00:00,4582.362,4630.247,4567.865,4609.632,105088
2026-03-31 16:00:00,4609.574,4685.717,4606.916,4682.822,112030
2026-03-31 20:00:00,4682.76,4700.037,4661.924,4696.466,30715
2026-04-01 00:00:00,4696.409,4724.266,4678.265,4682.007,65835
2026-04-01 04:00:00,4682.081,4747.712,4667.145,4712.938,54099
2026-04-01 08:00:00,4713.011,4762.958,4710.496,4752.218,51876
2026-04-01 12:00:00,4752.163,4788.379,4715.982,4786.603,115055
2026-04-01 16:00:00,4786.709,4792.944,4742.029,4766.185,65882
2026-04-01 20:00:00,4765.892,4800.347,4754.097,4784.195,19908
2026-04-02 00:00:00,4784.266,4798.776,4650.428,4676.279,150017
2026-04-02 04:00:00,4676.236,4681.524,4553.804,4642.841,112239
2026-04-02 08:00:00,4642.785,4648.917,4592.73,4599.995,66404
2026-04-02 12:00:00,4599.996,4699.882,4580.382,4660.901,194789
2026-04-02 16:00:00,4660.963,4681.814,4642.783,4672.131,74481
2026-04-02 20:00:00,4672.191,4677.012,4664.434,4675.307,7573
2026-04-05 20:00:00,4662.868,4662.868,4605.108,4610.647,30880
2026-04-06 00:00:00,4610.731,4671.781,4600.607,4640.517,63335
2026-04-06 04:00:00,4640.525,4688.677,4639.959,4684.879,43038
2026-04-06 08:00:00,4684.81,4706.728,4677.073,4677.918,46355
2026-04-06 12:00:00,4677.981,4697.714,4652.05,4668.169,90761
2026-04-06 16:00:00,4668.25,4672.619,4645.445,4655.343,47787
2026-04-06 20:00:00,4655.313,4667.823,4649.168,4658.896,14038
2026-04-07 00:00:00,4659.002,4664.234,4616.325,4649.705,73838
2026-04-07 04:00:00,4649.535,4664.297,4622.838,4645.902,51982
2026-04-07 08:00:00,4646.205,4694.643,4628.686,4659.822,83351
2026-04-07 12:00:00,4659.908,4670.837,4607.3,4655.643,111327
2026-04-07 16:00:00,4655.524,4718.761,4652.457,4700.667,116017
2026-04-07 20:00:00,4700.731,4836.41,4697.237,4833.262,69737
2026-04-08 00:00:00,4833.525,4857.415,4788.073,4797.656,87190
2026-04-08 04:00:00,4797.674,4843.876,4790.112,4813.472,52077
2026-04-08 08:00:00,4813.541,4819.9,4771.069,4798.511,51257
2026-04-08 12:00:00,4798.563,4807.124,4732.224,4756.504,111193
2026-04-08 16:00:00,4756.656,4765.678,4699.551,4730.485,75087
2026-04-08 20:00:00,4730.571,4732.683,4704.625,4715.566,21391
2026-04-09 00:00:00,4715.72,4733.001,4698.217,4711.486,55121
2026-04-09 04:00:00,4711.6,4731.299,4703.394,4724.274,47604
2026-04-09 08:00:00,4724.371,4757.506,4719.917,4756.408,37087
2026-04-09 12:00:00,4756.473,4798.039,4734.9,4792.917,78468
2026-04-09 16:00:00,4792.98,4801.261,4766.906,4768.912,64009
2026-04-09 20:00:00,4768.969,4779.4,4757.047,4763.637,16784
2026-04-10 00:00:00,4763.7,4777.178,4737.917,4766.367,44962
2026-04-10 04:00:00,4766.496,4770.886,4741.256,4749.766,32821
2026-04-10 08:00:00,4749.848,4768.995,4730.66,4768.103,36327
2026-04-10 12:00:00,4768.318,4795.207,4754.983,4762.051,75862
2026-04-10 16:00:00,4762.237,4773.319,4747.438,4759.777,42448
2026-04-10 20:00:00,4759.826,4760.032,4740.914,4749.374,7035
2026-04-12 20:00:00,4670.312,4685.212,4644.205,4671.302,23070
2026-04-13 00:00:00,4671.381,4728.156,4664.684,4718.162,56861
2026-04-13 04:00:00,4718.294,4740.096,4708.504,4733.818,38873
2026-04-13 08:00:00,4733.841,4738.654,4703.433,4706.821,40296
2026-04-13 12:00:00,4706.979,4744.78,4700.266,4714.511,81648
2026-04-13 16:00:00,4714.369,4749.949,4709.344,4741.215,53048
2026-04-13 20:00:00,4741.208,4766.004,4738.232,4757.41,14810
2026-04-14 00:00:00,4757.688,4777.312,4751.566,4768.279,39737
2026-04-14 04:00:00,4768.265,4796.451,4758.004,4777.139,37367
2026-04-14 08:00:00,4777.023,4789.895,4751.855,4775.075,37462
2026-04-14 12:00:00,4775.114,4818.068,4762.151,4808.061,66715
2026-04-14 16:00:00,4808.255,4846.256,4804.929,4844.668,37391
2026-04-14 20:00:00,4844.738,4850.632,4833.384,4836.969,15423
2026-04-15 00:00:00,4837.027,4871.349,4816.87,4824.102,49058
2026-04-15 04:00:00,4824.075,4830.509,4803.995,4811.044,38458
2026-04-15 08:00:00,4810.952,4821.16,4786.129,4812.679,45741
2026-04-15 12:00:00,4812.591,4830.691,4786.772,4801.825,58370
2026-04-15 16:00:00,4801.641,4812.804,4790.013,4795.977,37481
2026-04-15 20:00:00,4796.036,4826.643,4787.785,4823.593,13593
2026-04-16 00:00:00,4823.249,4837.604,4811.254,4824.199,33212
2026-04-16 04:00:00,4824.199,4838.379,4814.178,4821.235,34273
2026-04-16 08:00:00,4821.224,4822.562,4805.038,4822.193,32056
2026-04-16 12:00:00,4822.133,4823.922,4772.966,4806.782,75233
2026-04-16 16:00:00,4806.717,4810.265,4781.398,4793.762,41365
2026-04-16 20:00:00,4793.657,4797.807,4786.343,4791.691,12624
2026-04-17 00:00:00,4791.598,4801.235,4767.607,4793.443,36215
2026-04-17 04:00:00,4793.386,4806.372,4778.701,4784.499,30229
2026-04-17 08:00:00,4784.485,4811.772,4780.892,4799.239,28753
2026-04-17 12:00:00,4799.305,4889.785,4797.633,4867.543,109718
2026-04-17 16:00:00,4867.452,4873.54,4852.759,4854.6,40885
2026-04-17 20:00:00,4854.695,4855.223,4830.648,4832.936,9604
2026-04-19 20:00:00,4774.563,4795.336,4736.816,4755.237,23482
2026-04-20 00:00:00,4755.345,4814.387,4745.023,4791.008,52045
2026-04-20 04:00:00,4791.071,4805.631,4779.524,4789.675,41362
2026-04-20 08:00:00,4789.766,4810.874,4783.387,4810.334,32034
2026-04-20 12:00:00,4810.276,4826.501,4798.982,4813.081,36539
